2015/2/18,12:30,Kygq,684-634,Street40384,Express2,ua4,ua5,Delivered,10
2014/11/1,12:30,Wgch,523-398,Street51983,Express2,ua4,ua5,Delivered,6
2015/9/13,12:30,Jlam,986-613,Street18277,Express1,ua4,ua5,Delivered,6
2014/10/26,12:30,Ejnj,293-136,Street61772,Express2,ua4,ua5,Delivered,6
2015/4/15,12:30,Kige,666-766,Street10356,Express1,ua4,ua5,Delivered,8
2014/10/27,12:30,Mlsf,815-675,Street92676,Express2,ua4,ua5,Delivered,10
2015/4/21,12:30,Vsnt,983-988,Street87494,Express1,ua4,ua5,Delivered,8
2015/8/19,12:30,Zvfg,472-194,Street71932,Express1,ua4,ua5,Delivered,5
2014/5/9,12:30,Vfos,883-731,Street95249,Express1,ua4,ua5,Delivered,5
2015/7/10,12:30,Tktj,251-513,Street84191,Express2,ua4,ua5,Delivered,5
2014/8/23,12:30,Spfz,794-894,Street91617,Express2,ua4,ua5,Delivered,6
2014/7/13,12:30,Xdvv,732-718,Street61254,Express2,ua4,ua5,Delivered,9
2014/10/5,12:30,Rpbv,135-635,Street13474,Express2,ua4,ua5,Delivered,8
2014/7/1,12:30,Djbl,575-649,Street78158,Express2,ua4,ua5,Delivered,9
2014/2/24,12:30,Oeel,943-122,Street65822,Express2,ua4,ua5,Delivered,8
2014/10/30,12:30,Nafg,156-871,Street28727,Express2,ua4,ua5,Delivered,7
2014/10/2,12:30,Rinq,594-772,Street71056,Express2,ua4,ua5,Delivered,5
2015/2/2,12:30,Rwtz,554-911,Street84170,Express1,ua4,ua5,Delivered,9
2014/9/2,12:30,Qryb,159-852,Street59795,Express1,ua4,ua5,Delivered,7
2015/9/18,12:30,Mjml,655-965,Street44272,Express1,ua4,ua5,Delivered,6
2014/6/18,12:30,Ecxr,464-492,Street30418,Express1,ua4,ua5,Delivered,6
2015/6/24,12:30,Ftef,199-551,Street35324,Express1,ua4,ua5,Delivered,6
2014/4/2,12:30,Utbn,844-417,Street15894,Express2,ua4,ua5,Delivered,10
2015/6/29,12:30,Snje,517-162,Street64810,Express2,ua4,ua5,Delivered,9
2015/9/4,12:30,Cixy,128-828,Street45558,Express1,ua4,ua5,Delivered,6
2014/8/27,12:30,Asal,524-679,Street28216,Express2,ua4,ua5,Delivered,9
2015/11/20,12:30,Urhi,114-339,Street84533,Express2,ua4,ua5,Delivered,8
2015/5/8,12:30,Uuus,452-933,Street51953,Express1,ua4,ua5,Delivered,9
2014/8/9,12:30,Bamw,459-197,Street52069,Express2,ua4,ua5,Delivered,6
2014/2/25,12:30,Mhap,765-721,Street93644,Express2,ua4,ua5,Delivered,8
2014/5/1,12:30,Hxya,859-126,Street38616,Express2,ua4,ua5,Delivered,5
2014/3/15,12:30,Sgxo,555-662,Street22384,Express1,ua4,ua5,Delivered,5
2014/4/15,12:30,Ukoz,676-127,Street91584,Express1,ua4,ua5,Delivered,5
2014/11/21,12:30,Ykhx,881-642,Street70572,Express1,ua4,ua5,Delivered,6
2014/6/9,12:30,Klfl,415-285,Street62706,Express2,ua4,ua5,Delivered,8
2015/2/23,12:30,Epce,147-417,Street87987,Express1,ua4,ua5,Delivered,7
2014/2/5,12:30,Vdhz,855-249,Street94692,Express2,ua4,ua5,Delivered,6
2014/10/22,12:30,Wkzf,521-471,Street19530,Express2,ua4,ua5,Delivered,5
2014/3/27,12:30,Osia,116-754,Street22319,Express2,ua4,ua5,Delivered,8
2014/3/16,12:30,Zpqy,832-423,Street18434,Express2,ua4,ua5,Delivered,7
2015/6/2,12:30,Ikth,646-518,Street70213,Express2,ua4,ua5,Delivered,7
2015/7/21,12:30,Lecj,566-267,Street98680,Express2,ua4,ua5,Delivered,5
2014/12/10,12:30,Mxpv,532-773,Street32786,Express2,ua4,ua5,Delivered,9
2015/11/11,12:30,Lmtm,488-522,Street79358,Express2,ua4,ua5,Delivered,6
2014/10/7,12:30,Iliq,531-844,Street13950,Express1,ua4,ua5,Delivered,10
2014/10/16,12:30,Qhrx,233-146,Street70842,Express1,ua4,ua5,Delivered,6
2014/5/10,12:30,Rtor,562-153,Street24374,Express1,ua4,ua5,Delivered,10
2015/6/13,12:30,Uijq,545-683,Street61192,Express1,ua4,ua5,Delivered,10
2014/6/22,12:30,Vqfp,474-193,Street20598,Express2,ua4,ua5,Delivered,6
2015/8/24,12:30,Qxzs,159-434,Street40750,Express1,ua4,ua5,Delivered,8
2015/4/13,12:30,Imts,464-487,Street45398,Express1,ua5,ua6,Delivered,5
2015/11/19,12:30,Hozs,267-372,Street18276,Express2,ua5,ua6,Delivered,7
2014/7/7,12:30,Wbuv,585-876,Street71616,Express1,ua5,ua6,Delivered,9
2015/11/22,12:30,Luhj,269-699,Street98718,Express2,ua5,ua6,Delivered,8
2015/2/27,12:30,Lnom,761-977,Street94786,Express2,ua5,ua6,Delivered,10
2014/10/20,12:30,Idat,674-827,Street43601,Express1,ua5,ua6,Delivered,9
2015/7/26,12:30,Xhgm,785-829,Street28758,Express1,ua5,ua6,Delivered,6
2014/8/26,12:30,Dvzq,532-242,Street13523,Express1,ua5,ua6,Delivered,7
2014/4/11,12:30,Xxzb,615-634,Street19658,Express1,ua5,ua6,Delivered,7
2015/10/23,12:30,Yrgp,833-256,Street67174,Express2,ua5,ua6,Delivered,9
2015/12/13,12:30,Oixo,273-132,Street45779,Express1,ua5,ua6,Delivered,6
2015/1/18,12:30,Wqil,981-141,Street61237,Express1,ua5,ua6,Delivered,10
2015/2/3,12:30,Mopc,929-565,Street64894,Express2,ua5,ua6,Delivered,8
2015/7/7,12:30,Mggh,464-651,Street36118,Express1,ua5,ua6,Delivered,10
2015/12/11,12:30,Ruer,765-343,Street36235,Express2,ua5,ua6,Delivered,5
2015/11/3,12:30,Uvoy,237-323,Street39323,Express2,ua5,ua6,Delivered,7
2015/4/11,12:30,Ljtl,286-452,Street13322,Express1,ua5,ua6,Delivered,8
2015/4/4,12:30,Ozai,923-147,Street64841,Express2,ua5,ua6,Delivered,8
2015/10/1,12:30,Riqi,855-796,Street84760,Express1,ua5,ua6,Delivered,6
2015/11/21,12:30,Yble,172-417,Street78740,Express1,ua5,ua6,Delivered,8
2015/12/8,12:30,Qsmp,192-468,Street37580,Express1,ua5,ua6,Delivered,6
2015/4/22,12:30,Tjwd,145-777,Street25207,Express1,ua5,ua6,Delivered,7
2014/12/16,12:30,Cgxl,295-381,Street69152,Express1,ua5,ua6,Delivered,6
2015/8/25,12:30,Ixqv,159-898,Street72861,Express1,ua5,ua6,Delivered,8
2015/5/7,12:30,Usjf,192-263,Street21599,Express1,ua5,ua6,Delivered,6
2014/4/28,12:30,Fxcv,723-972,Street56750,Express2,ua5,ua6,Delivered,10
2014/9/20,12:30,Dhmw,617-925,Street23453,Express1,ua5,ua6,Delivered,5
2014/5/8,12:30,Saqo,884-152,Street23108,Express1,ua5,ua6,Delivered,9
2015/4/12,12:30,Hmec,176-929,Street67608,Express1,ua5,ua6,Delivered,7
2015/10/19,12:30,Ecpo,359-394,Street58296,Express2,ua5,ua6,Delivered,5
2015/9/13,12:30,Idpc,879-193,Street73642,Express1,ua5,ua6,Delivered,8
2015/9/12,12:30,Azln,169-413,Street89306,Express2,ua5,ua6,Delivered,7
2015/9/1,12:30,Bfej,384-266,Street51072,Express2,ua5,ua6,Delivered,6
2015/9/19,12:30,Bsaj,175-783,Street69911,Express1,ua5,ua6,Delivered,6
2014/8/11,12:30,Pntk,334-293,Street69715,Express1,ua5,ua6,Delivered,10
2014/10/10,12:30,Atiw,553-259,Street80160,Express1,ua5,ua6,Delivered,5
2015/5/8,12:30,Bdge,636-283,Street34426,Express1,ua5,ua6,Delivered,6
2014/6/8,12:30,Cuhu,669-168,Street41476,Express1,ua5,ua6,Delivered,7
2015/9/5,12:30,Iqnt,633-597,Street37840,Express2,ua5,ua6,Delivered,10
2015/4/5,12:30,Cweh,194-632,Street79510,Express1,ua5,ua6,Delivered,7
2014/11/5,12:30,Cbgb,641-538,Street13572,Express2,ua5,ua6,Delivered,5
2014/7/14,12:30,Jmlk,312-675,Street86588,Express1,ua5,ua6,Delivered,10
2015/1/16,12:30,Hcrp,157-264,Street48178,Express1,ua5,ua6,Delivered,5
2015/6/11,12:30,Hrjq,331-652,Street82329,Express2,ua5,ua6,Delivered,8
2014/4/29,12:30,Jtlm,217-715,Street62823,Express2,ua5,ua6,Delivered,10
2014/4/6,12:30,Vtfr,462-679,Street61852,Express1,ua5,ua6,Delivered,7
2014/7/13,12:30,Wwtp,332-994,Street76054,Express2,ua5,ua6,Delivered,5
2015/2/14,12:30,Bhlx,151-881,Street43530,Express2,ua5,ua6,Delivered,7
2014/4/26,12:30,Ylxi,813-931,Street78460,Express2,ua5,ua6,Delivered,7
2014/11/14,12:30,Japx,943-189,Street52511,Express1,ua5,ua6,Delivered,8
2015/3/2,12:30,Abje,445-724,Street54784,Express2,ua6,ua7,Delivered,9
2015/1/5,12:30,Shoe,538-438,Street28025,Express1,ua6,ua7,Delivered,8
2014/10/29,12:30,Tayt,462-594,Street74388,Express1,ua6,ua7,Delivered,7
2014/4/12,12:30,Dpsw,554-222,Street17992,Express1,ua6,ua7,Delivered,10
2015/10/21,12:30,Sigz,336-329,Street35916,Express2,ua6,ua7,Delivered,5
2014/10/1,12:30,Absr,141-653,Street58739,Express2,ua6,ua7,Delivered,9
2015/4/10,12:30,Ccvv,734-377,Street71782,Express1,ua6,ua7,Delivered,5
2014/4/1,12:30,Rfov,619-532,Street63624,Express1,ua6,ua7,Delivered,10
2015/6/5,12:30,Aayj,685-914,Street20041,Express1,ua6,ua7,Delivered,6
2015/11/6,12:30,Aefb,517-495,Street29627,Express2,ua6,ua7,Delivered,10
2014/1/25,12:30,Jdrk,951-496,Street22347,Express1,ua6,ua7,Delivered,6
2014/6/10,12:30,Sifx,356-117,Street90648,Express1,ua6,ua7,Delivered,6
2014/3/24,12:30,Kqpr,664-578,Street81753,Express2,ua6,ua7,Delivered,7
2014/5/21,12:30,Iwfb,396-715,Street87764,Express1,ua6,ua7,Delivered,8
2015/3/3,12:30,Kqqg,553-239,Street93228,Express1,ua6,ua7,Delivered,10
2014/3/5,12:30,Zwwq,562-499,Street59260,Express1,ua6,ua7,Delivered,7
2015/6/3,12:30,Eqzd,753-174,Street56455,Express1,ua6,ua7,Delivered,7
2014/2/24,12:30,Tsim,376-483,Street84321,Express2,ua6,ua7,Delivered,6
2015/10/7,12:30,Kttj,674-121,Street75063,Express2,ua6,ua7,Delivered,6
2014/9/27,12:30,Hcbp,155-573,Street62064,Express1,ua6,ua7,Delivered,8
2015/2/12,12:30,Fukc,427-257,Street32268,Express1,ua6,ua7,Delivered,10
2015/11/12,12:30,Llnp,442-115,Street87200,Express2,ua6,ua7,Delivered,7
2014/5/10,12:30,Wwal,694-231,Street15378,Express1,ua6,ua7,Delivered,7
2015/5/13,12:30,Afoq,514-643,Street32306,Express1,ua6,ua7,Delivered,9
2014/3/16,12:30,Eybf,587-988,Street30636,Express1,ua6,ua7,Delivered,7
2014/9/14,12:30,Hwmg,322-325,Street35153,Express1,ua6,ua7,Delivered,6
2014/10/6,12:30,Eqga,192-518,Street85225,Express2,ua6,ua7,Delivered,7
2015/8/21,12:30,Tiat,858-975,Street35593,Express1,ua6,ua7,Delivered,8
2014/5/15,12:30,Pvdc,919-297,Street30198,Express1,ua6,ua7,Delivered,10
2015/6/26,12:30,Heqk,445-238,Street44708,Express2,ua6,ua7,Delivered,8
2015/3/27,12:30,Yjkm,893-576,Street69297,Express2,ua6,ua7,Delivered,8
2015/3/3,12:30,Idfm,349-342,Street12204,Express2,ua6,ua7,Delivered,9
2015/9/1,12:30,Etyc,257-988,Street98475,Express1,ua6,ua7,Delivered,8
2014/7/21,12:30,Fgcq,983-159,Street24945,Express2,ua6,ua7,Delivered,10
2015/7/17,12:30,Jbvu,898-382,Street63435,Express1,ua6,ua7,Delivered,9
2014/8/25,12:30,Qgpd,986-575,Street41244,Express2,ua6,ua7,Delivered,10
2015/9/28,12:30,Szfn,343-241,Street88984,Express1,ua6,ua7,Delivered,8
2015/7/24,12:30,Qjlh,465-658,Street72061,Express1,ua6,ua7,Delivered,5
2015/4/20,12:30,Nhpu,282-224,Street76730,Express1,ua6,ua7,Delivered,8
2015/8/30,12:30,Jwws,239-688,Street77630,Express2,ua6,ua7,Delivered,5
2014/2/14,12:30,Jzhk,515-743,Street24452,Express1,ua6,ua7,Delivered,7
2014/12/2,12:30,Lbxw,916-423,Street28168,Express1,ua6,ua7,Delivered,9
2015/2/17,12:30,Eaxu,355-457,Street93657,Express2,ua6,ua7,Delivered,8
2014/3/9,12:30,Dwqs,135-745,Street85587,Express2,ua6,ua7,Delivered,7
2014/12/8,12:30,Abup,633-618,Street27959,Express2,ua6,ua7,Delivered,5
2014/7/29,12:30,Tgrm,893-819,Street85336,Express1,ua6,ua7,Delivered,6
2015/8/11,12:30,Acvo,584-577,Street75795,Express1,ua6,ua7,Delivered,6
2015/12/5,12:30,Rnax,613-668,Street53685,Express1,ua6,ua7,Delivered,9
2015/2/13,12:30,Zjao,944-273,Street72348,Express2,ua6,ua7,Delivered,7
2014/10/30,12:30,Tsxw,153-116,Street60657,Express1,ua6,ua7,Delivered,5
2015/7/4,12:30,Zlbv,813-649,Street78258,Express1,ua7,ua8,Delivered,10
2015/10/9,12:30,Dmav,876-576,Street82086,Express1,ua7,ua8,Delivered,8
2014/11/2,12:30,Nkzt,982-617,Street69296,Express1,ua7,ua8,Delivered,7
2014/5/28,12:30,Kciq,639-678,Street71904,Express1,ua7,ua8,Delivered,8
2014/10/13,12:30,Frdr,582-433,Street29114,Express1,ua7,ua8,Delivered,5
2015/7/29,12:30,Yjdc,485-732,Street95242,Express1,ua7,ua8,Delivered,6
2014/5/2,12:30,Lrlr,472-185,Street67845,Express2,ua7,ua8,Delivered,6
2014/8/5,12:30,Qdoc,859-355,Street96681,Express2,ua7,ua8,Delivered,10
2014/10/8,12:30,Kwvc,674-991,Street96986,Express2,ua7,ua8,Delivered,6
2015/3/20,12:30,Azyu,269-599,Street76455,Express1,ua7,ua8,Delivered,6
2014/5/2,12:30,Dpum,983-232,Street24332,Express1,ua7,ua8,Delivered,7
2014/4/12,12:30,Xtsa,217-451,Street26121,Express1,ua7,ua8,Delivered,10
2015/11/3,12:30,Vyjo,438-658,Street93187,Express2,ua7,ua8,Delivered,5
2015/4/20,12:30,Fuod,482-168,Street19256,Express1,ua7,ua8,Delivered,8
2015/10/8,12:30,Vtbl,646-427,Street76192,Express2,ua7,ua8,Delivered,10
2014/4/21,12:30,Lnhw,241-666,Street88063,Express1,ua7,ua8,Delivered,8
2014/10/28,12:30,Chle,366-332,Street79383,Express2,ua7,ua8,Delivered,10
2014/11/3,12:30,Hgua,726-939,Street19794,Express1,ua7,ua8,Delivered,9
2015/9/16,12:30,Dwuk,517-769,Street20778,Express1,ua7,ua8,Delivered,7
2014/5/17,12:30,Xbxq,116-112,Street69835,Express2,ua7,ua8,Delivered,8
2014/10/12,12:30,Eyuu,434-617,Street34743,Express1,ua7,ua8,Delivered,8
2014/12/18,12:30,Ulpd,577-929,Street97498,Express2,ua7,ua8,Delivered,9
2014/9/29,12:30,Ygim,289-731,Street67132,Express2,ua7,ua8,Delivered,10
2015/6/29,12:30,Tcqs,936-449,Street68795,Express2,ua7,ua8,Delivered,5
2014/7/27,12:30,Gxem,361-436,Street61851,Express1,ua7,ua8,Delivered,7
2014/9/4,12:30,Qgxj,946-358,Street27945,Express2,ua7,ua8,Delivered,5
2014/6/28,12:30,Tpkb,771-666,Street48024,Express2,ua7,ua8,Delivered,9
2015/8/20,12:30,Iijb,248-312,Street56104,Express1,ua7,ua8,Delivered,9
2014/6/24,12:30,Skld,757-812,Street96142,Express2,ua7,ua8,Delivered,5
2014/6/28,12:30,Xuio,748-461,Street69238,Express1,ua7,ua8,Delivered,10
2014/6/18,12:30,Tfnv,533-448,Street25994,Express2,ua7,ua8,Delivered,10
2015/1/2,12:30,Zaxt,461-359,Street63562,Express2,ua7,ua8,Delivered,6
2014/2/16,12:30,Mgel,742-763,Street73836,Express2,ua7,ua8,Delivered,8
2014/9/7,12:30,Qlvc,384-961,Street51184,Express2,ua7,ua8,Delivered,10
2014/11/7,12:30,Rkry,919-883,Street94500,Express2,ua7,ua8,Delivered,7
2014/7/9,12:30,Ioah,454-351,Street46738,Express1,ua7,ua8,Delivered,10
2015/8/23,12:30,Hlvh,871-667,Street94260,Express1,ua7,ua8,Delivered,7
2015/10/3,12:30,Tnyn,773-959,Street55478,Express1,ua7,ua8,Delivered,8
2014/5/24,12:30,Vqeo,819-853,Street70282,Express1,ua7,ua8,Delivered,9
2014/10/4,12:30,Oguu,528-518,Street41823,Express1,ua7,ua8,Delivered,9
2015/5/4,12:30,Hewf,528-755,Street55458,Express1,ua7,ua8,Delivered,7
2014/4/5,12:30,Zgqd,586-171,Street45665,Express2,ua7,ua8,Delivered,5
2014/10/14,12:30,Ball,859-287,Street45636,Express2,ua7,ua8,Delivered,10
2015/11/19,12:30,Zjgv,678-826,Street10358,Express2,ua7,ua8,Delivered,7
2014/10/23,12:30,Gfgz,363-693,Street84470,Express2,ua7,ua8,Delivered,9
2015/4/1,12:30,Jlim,793-698,Street87416,Express2,ua7,ua8,Delivered,10
2014/4/10,12:30,Uacz,217-632,Street40175,Express1,ua7,ua8,Delivered,8
2015/8/19,12:30,Mvkm,215-787,Street43008,Express1,ua7,ua8,Delivered,10
2014/5/25,12:30,Ymly,227-189,Street72597,Express2,ua7,ua8,Delivered,10
2014/3/6,12:30,Qibh,739-937,Street91673,Express2,ua7,ua8,Delivered,5
2014/6/5,12:30,Lqzg,682-162,Street30470,Express1,ua8,ua9,Delivered,10
2014/10/25,12:30,Ealw,461-839,Street54412,Express1,ua8,ua9,Delivered,6
2014/8/21,12:30,Lifp,614-877,Street20189,Express2,ua8,ua9,Delivered,7
2014/7/19,12:30,Dzvj,473-511,Street55334,Express2,ua8,ua9,Delivered,10
2014/10/15,12:30,Hjwx,366-179,Street87789,Express1,ua8,ua9,Delivered,5
2014/9/12,12:30,Wlbw,358-753,Street39342,Express2,ua8,ua9,Delivered,7
2014/3/8,12:30,Ouke,251-825,Street80591,Express1,ua8,ua9,Delivered,5
2014/2/3,12:30,Pgfb,166-468,Street66971,Express1,ua8,ua9,Delivered,6
2014/3/19,12:30,Sozi,622-124,Street77897,Express1,ua8,ua9,Delivered,9
2014/8/7,12:30,Egjq,156-552,Street69075,Express1,ua8,ua9,Delivered,9
2014/10/12,12:30,Dxpt,721-569,Street33679,Express1,ua8,ua9,Delivered,5
2015/11/10,12:30,Loew,634-622,Street61392,Express1,ua8,ua9,Delivered,8
2014/7/9,12:30,Nicd,157-111,Street29967,Express2,ua8,ua9,Delivered,9
2015/11/7,12:30,Rnsc,721-378,Street60733,Express1,ua8,ua9,Delivered,7
2015/10/19,12:30,Amnd,395-496,Street22967,Express1,ua8,ua9,Delivered,9
2014/11/7,12:30,Ttif,588-552,Street39048,Express1,ua8,ua9,Delivered,8
2014/10/28,12:30,Jnfe,117-548,Street14372,Express2,ua8,ua9,Delivered,9
2015/3/4,12:30,Ejtu,165-829,Street90602,Express1,ua8,ua9,Delivered,10
2015/10/17,12:30,Hkyi,818-642,Street84536,Express1,ua8,ua9,Delivered,8
2014/5/5,12:30,Ubyo,292-896,Street32520,Express2,ua8,ua9,Delivered,5
2015/8/20,12:30,Lyul,183-983,Street72800,Express1,ua8,ua9,Delivered,8
2014/12/19,12:30,Spej,231-722,Street69125,Express2,ua8,ua9,Delivered,7
2015/10/1,12:30,Iruk,737-539,Street26257,Express2,ua8,ua9,Delivered,7
2014/1/22,12:30,Soea,819-759,Street17055,Express2,ua8,ua9,Delivered,9
2015/1/23,12:30,Otct,411-674,Street20839,Express1,ua8,ua9,Delivered,10
2015/6/16,12:30,Dxzm,597-834,Street85426,Express2,ua8,ua9,Delivered,6
2015/9/8,12:30,Eccb,663-951,Street28936,Express1,ua8,ua9,Delivered,7
2015/6/21,12:30,Xqcw,162-783,Street60892,Express2,ua8,ua9,Delivered,7
2015/10/5,12:30,Cpho,423-632,Street89845,Express2,ua8,ua9,Delivered,5
2015/9/5,12:30,Ebej,997-199,Street36276,Express2,ua8,ua9,Delivered,7
2015/6/20,12:30,Sjth,986-142,Street95454,Express1,ua8,ua9,Delivered,6
2014/4/8,12:30,Iehy,258-867,Street18443,Express2,ua8,ua9,Delivered,6
2014/2/14,12:30,Vtla,882-722,Street93289,Express2,ua8,ua9,Delivered,8
2014/4/8,12:30,Oewj,736-645,Street72912,Express2,ua8,ua9,Delivered,9
2014/7/1,12:30,Ufax,594-121,Street59900,Express2,ua8,ua9,Delivered,8
2015/3/2,12:30,Gfds,439-439,Street76856,Express2,ua8,ua9,Delivered,8
2015/8/26,12:30,Ztlp,227-998,Street37064,Express1,ua8,ua9,Delivered,6
2014/6/17,12:30,Atxz,732-712,Street51718,Express2,ua8,ua9,Delivered,7
2014/6/3,12:30,Mamn,743-799,Street30422,Express1,ua8,ua9,Delivered,6
2014/1/26,12:30,Cbuk,711-394,Street88139,Express2,ua8,ua9,Delivered,6
2014/10/27,12:30,Oheo,379-961,Street72688,Express1,ua8,ua9,Delivered,6
2014/7/28,12:30,Zmob,799-231,Street29275,Express2,ua8,ua9,Delivered,9
2015/2/16,12:30,Htpr,741-229,Street58323,Express2,ua8,ua9,Delivered,9
2014/6/3,12:30,Jfor,846-627,Street24041,Express1,ua8,ua9,Delivered,10
2014/3/28,12:30,Njoh,671-856,Street98181,Express2,ua8,ua9,Delivered,9
2015/8/5,12:30,Neuw,756-259,Street21589,Express1,ua8,ua9,Delivered,10
2014/8/8,12:30,Cmcq,697-381,Street61124,Express1,ua8,ua9,Delivered,9
2015/1/20,12:30,Kwfy,975-761,Street45087,Express2,ua8,ua9,Delivered,5
2014/8/23,12:30,Zjjb,388-314,Street77917,Express2,ua8,ua9,Delivered,10
2015/11/4,12:30,Prnm,167-745,Street64154,Express2,ua8,ua9,Delivered,8
2014/6/27,12:30,Unrm,613-446,Street74173,Express2,ua9,ua10,Delivered,10
2015/5/12,12:30,Djsy,526-478,Street11990,Express1,ua9,ua10,Delivered,6
2015/8/19,12:30,Kvbn,652-421,Street48560,Express2,ua9,ua10,Delivered,5
2014/2/15,12:30,Ffmm,877-733,Street83852,Express2,ua9,ua10,Delivered,6
2015/11/29,12:30,Cucq,862-338,Street47324,Express1,ua9,ua10,Delivered,9
2014/8/2,12:30,Rcln,759-784,Street61016,Express1,ua9,ua10,Delivered,8
2014/3/22,12:30,Trcz,581-335,Street52536,Express1,ua9,ua10,Delivered,10
2014/9/24,12:30,Nbde,739-945,Street67543,Express1,ua9,ua10,Delivered,7
2014/3/12,12:30,Qqnd,596-999,Street27301,Express2,ua9,ua10,Delivered,7
2014/3/2,12:30,Eaxg,869-899,Street56798,Express1,ua9,ua10,Delivered,10
2014/11/15,12:30,Tphd,294-638,Street48397,Express2,ua9,ua10,Delivered,7
2015/10/7,12:30,Tkxx,354-742,Street73863,Express1,ua9,ua10,Delivered,8
2014/3/13,12:30,Ffas,334-612,Street71676,Express2,ua9,ua10,Delivered,7
2014/8/27,12:30,Ljtg,582-295,Street20324,Express1,ua9,ua10,Delivered,9
2015/6/27,12:30,Ttrw,395-915,Street34496,Express1,ua9,ua10,Delivered,5
2014/6/3,12:30,Pyeh,372-326,Street37410,Express2,ua9,ua10,Delivered,7
2015/11/17,12:30,Afid,867-217,Street83403,Express1,ua9,ua10,Delivered,8
2015/4/22,12:30,Alpe,664-885,Street75632,Express1,ua9,ua10,Delivered,10
2015/4/13,12:30,Ymdk,855-791,Street71576,Express2,ua9,ua10,Delivered,10
2015/10/20,12:30,Olwm,265-939,Street29500,Express1,ua9,ua10,Delivered,6
2014/5/12,12:30,Rvhq,773-681,Street30461,Express1,ua9,ua10,Delivered,10
2015/6/17,12:30,Stfg,593-911,Street16634,Express1,ua9,ua10,Delivered,8
2014/6/14,12:30,Mnyr,131-244,Street85520,Express1,ua9,ua10,Delivered,10
2014/8/22,12:30,Ejyo,916-553,Street45682,Express1,ua9,ua10,Delivered,9
2015/2/23,12:30,Hear,113-539,Street62957,Express1,ua9,ua10,Delivered,5
2014/12/4,12:30,Geer,828-853,Street30568,Express1,ua9,ua10,Delivered,7
2014/6/25,12:30,Jhbp,119-111,Street48969,Express1,ua9,ua10,Delivered,5
2015/10/16,12:30,Uxja,656-968,Street79720,Express2,ua9,ua10,Delivered,8
2014/12/6,12:30,Wldn,371-754,Street42264,Express1,ua9,ua10,Delivered,9
2015/8/18,12:30,Zyzx,335-715,Street27441,Express1,ua9,ua10,Delivered,10
2014/11/25,12:30,Iisl,883-895,Street51378,Express1,ua9,ua10,Delivered,9
2015/10/27,12:30,Tzkf,968-639,Street60284,Express1,ua9,ua10,Delivered,10
2014/3/7,12:30,Vxdj,817-225,Street42227,Express1,ua9,ua10,Delivered,5
2015/12/14,12:30,Oqyp,131-177,Street20304,Express2,ua9,ua10,Delivered,7
2014/8/14,12:30,Acxs,311-747,Street14089,Express2,ua9,ua10,Delivered,6
2014/10/24,12:30,Cuxf,894-218,Street59220,Express2,ua9,ua10,Delivered,5
2014/9/4,12:30,Gtss,359-997,Street41038,Express2,ua9,ua10,Delivered,9
2015/10/5,12:30,Xsvn,995-484,Street24184,Express2,ua9,ua10,Delivered,9
2015/3/13,12:30,Vcid,391-792,Street68845,Express1,ua9,ua10,Delivered,5
2014/5/2,12:30,Fdbk,873-661,Street86102,Express2,ua9,ua10,Delivered,7
2015/6/26,12:30,Bviv,724-757,Street70073,Express2,ua9,ua10,Delivered,8
2015/2/27,12:30,Tlpz,924-697,Street84870,Express2,ua9,ua10,Delivered,8
2015/7/7,12:30,Txaa,242-796,Street22819,Express2,ua9,ua10,Delivered,10
2015/4/21,12:30,Rbds,946-771,Street90482,Express2,ua9,ua10,Delivered,6
2014/10/30,12:30,Jsnc,813-538,Street17566,Express2,ua9,ua10,Delivered,9
2014/5/5,12:30,Mfio,667-869,Street73140,Express1,ua9,ua10,Delivered,10
2014/10/9,12:30,Nbzz,918-119,Street19622,Express2,ua9,ua10,Delivered,9
2014/10/4,12:30,Lrne,784-344,Street58381,Express2,ua9,ua10,Delivered,5
2014/4/8,12:30,Iirk,457-676,Street28625,Express2,ua9,ua10,Delivered,5
2014/3/26,12:30,Hwbb,351-848,Street54788,Express2,ua9,ua10,Delivered,8
2015/11/6,12:30,Loja,237-936,Street65378,Express1,ua10,ua11,Delivered,10
2015/12/14,12:30,Spfw,976-829,Street33010,Express1,ua10,ua11,Delivered,6
2015/8/8,12:30,Qrbx,771-974,Street18250,Express1,ua10,ua11,Delivered,6
2014/11/26,12:30,Ffyd,976-125,Street38056,Express1,ua10,ua11,Delivered,6
2015/3/9,12:30,Sfvq,952-367,Street91273,Express1,ua10,ua11,Delivered,5
2014/11/5,12:30,Vvzp,555-732,Street16151,Express1,ua10,ua11,Delivered,7
2015/10/23,12:30,Bkrr,968-635,Street29572,Express2,ua10,ua11,Delivered,8
2014/8/30,12:30,Mqgg,885-554,Street16614,Express1,ua10,ua11,Delivered,7
2015/6/20,12:30,Rsio,379-915,Street67304,Express2,ua10,ua11,Delivered,9
2014/6/19,12:30,Tdow,277-763,Street77713,Express2,ua10,ua11,Delivered,10
2014/10/28,12:30,Fikd,375-235,Street27402,Express1,ua10,ua11,Delivered,6
2014/3/24,12:30,Vshe,778-212,Street24326,Express2,ua10,ua11,Delivered,5
2014/6/27,12:30,Uysb,323-547,Street51371,Express1,ua10,ua11,Delivered,8
2014/9/21,12:30,Ihvp,245-621,Street73501,Express2,ua10,ua11,Delivered,8
2015/12/6,12:30,Aoyi,182-464,Street32670,Express2,ua10,ua11,Delivered,7
2014/11/15,12:30,Xtwx,821-289,Street93046,Express2,ua10,ua11,Delivered,10
2015/9/6,12:30,Gyrt,769-546,Street96972,Express1,ua10,ua11,Delivered,9
2015/6/13,12:30,Fejl,494-811,Street40858,Express2,ua10,ua11,Delivered,9
2014/12/10,12:30,Xbpl,111-739,Street13016,Express1,ua10,ua11,Delivered,8
2015/12/15,12:30,Buvg,338-587,Street82689,Express1,ua10,ua11,Delivered,10
2015/8/6,12:30,Smph,782-437,Street20103,Express2,ua10,ua11,Delivered,8
2014/9/17,12:30,Fqtz,672-192,Street63855,Express2,ua10,ua11,Delivered,10
2014/12/14,12:30,Kpse,112-591,Street43810,Express1,ua10,ua11,Delivered,9
2015/5/23,12:30,Fyvh,337-475,Street61610,Express2,ua10,ua11,Delivered,10
2015/5/10,12:30,Zhcl,133-667,Street30963,Express2,ua10,ua11,Delivered,8
2015/1/28,12:30,Vpev,772-411,Street26086,Express2,ua10,ua11,Delivered,7
2014/7/22,12:30,Hdwh,184-552,Street95305,Express2,ua10,ua11,Delivered,7
2015/10/9,12:30,Blry,736-974,Street62287,Express1,ua10,ua11,Delivered,7
2014/7/14,12:30,Fbvy,585-263,Street51501,Express1,ua10,ua11,Delivered,6
2014/5/15,12:30,Skdb,978-146,Street27837,Express2,ua10,ua11,Delivered,9
2014/9/24,12:30,Fkbp,197-789,Street96133,Express1,ua10,ua11,Delivered,5
2015/1/28,12:30,Dggh,316-189,Street93925,Express1,ua10,ua11,Delivered,7
2014/12/9,12:30,Glcg,961-283,Street88945,Express2,ua10,ua11,Delivered,8
2014/10/22,12:30,Ynnk,441-241,Street33828,Express1,ua10,ua11,Delivered,7
2014/8/10,12:30,Ztoo,968-118,Street55210,Express1,ua10,ua11,Delivered,10
2014/8/17,12:30,Xxiu,468-767,Street44001,Express2,ua10,ua11,Delivered,8
2015/8/31,12:30,Prbo,795-684,Street64228,Express1,ua10,ua11,Delivered,5
2014/8/10,12:30,Xqqa,584-555,Street69748,Express2,ua10,ua11,Delivered,8
2015/9/7,12:30,Hvye,634-422,Street30695,Express2,ua10,ua11,Delivered,8
2015/12/6,12:30,Sfsn,525-471,Street15766,Express1,ua10,ua11,Delivered,7
2015/11/4,12:30,Gkas,659-741,Street29337,Express2,ua10,ua11,Delivered,6
2014/7/13,12:30,Qywd,332-475,Street96234,Express2,ua10,ua11,Delivered,7
2014/3/20,12:30,Maar,438-855,Street38810,Express1,ua10,ua11,Delivered,10
2014/10/1,12:30,Thqt,231-763,Street66930,Express2,ua10,ua11,Delivered,6
2015/8/8,12:30,Fzwr,671-299,Street99715,Express2,ua10,ua11,Delivered,9
2015/3/3,12:30,Wtrn,754-133,Street19663,Express2,ua10,ua11,Delivered,5
2015/4/10,12:30,Rvze,275-375,Street13806,Express2,ua10,ua11,Delivered,9
2014/7/29,12:30,Ouvx,678-874,Street69841,Express2,ua10,ua11,Delivered,8
2014/2/4,12:30,Ecpn,944-748,Street22156,Express1,ua10,ua11,Delivered,8
2014/7/28,12:30,Atmf,532-939,Street29386,Express1,ua10,ua11,Delivered,6
2014/9/5,12:30,Pvxu,127-145,Street96320,Express1,ua11,ua12,Delivered,5
2014/12/2,12:30,Xzow,269-525,Street35404,Express1,ua11,ua12,Delivered,9
2014/10/25,12:30,Klaw,528-831,Street71746,Express2,ua11,ua12,Delivered,6
2015/6/22,12:30,Vlhu,574-641,Street83994,Express1,ua11,ua12,Delivered,10
2014/11/2,12:30,Nbqa,269-554,Street35139,Express1,ua11,ua12,Delivered,9
2015/7/15,12:30,Lamq,791-476,Street52770,Express2,ua11,ua12,Delivered,6
2014/8/17,12:30,Vogy,578-391,Street24091,Express2,ua11,ua12,Delivered,9
2014/8/5,12:30,Ycnf,428-731,Street84900,Express2,ua11,ua12,Delivered,6
2014/9/30,12:30,Vzpr,439-948,Street16464,Express1,ua11,ua12,Delivered,10
2014/7/19,12:30,Gqyv,866-249,Street95361,Express2,ua11,ua12,Delivered,10
2014/8/22,12:30,Nslj,919-953,Street33464,Express2,ua11,ua12,Delivered,7
2014/8/10,12:30,Yyyh,678-716,Street74722,Express2,ua11,ua12,Delivered,5
2014/8/26,12:30,Xrvf,534-678,Street22849,Express1,ua11,ua12,Delivered,9
2015/1/29,12:30,Gbfc,527-139,Street30845,Express1,ua11,ua12,Delivered,10
2015/6/30,12:30,Autt,667-233,Street46303,Express1,ua11,ua12,Delivered,7
2014/10/14,12:30,Mubr,934-385,Street29076,Express2,ua11,ua12,Delivered,8
2015/5/13,12:30,Jjew,761-688,Street21766,Express2,ua11,ua12,Delivered,8
2014/12/13,12:30,Yobu,317-576,Street48052,Express1,ua11,ua12,Delivered,6
2014/8/17,12:30,Bvrx,267-679,Street27024,Express1,ua11,ua12,Delivered,9
2015/9/15,12:30,Lpsc,871-557,Street30744,Express2,ua11,ua12,Delivered,6
2014/9/2,12:30,Meiq,384-981,Street76072,Express1,ua11,ua12,Delivered,8
2014/11/9,12:30,Chnq,558-225,Street20685,Express2,ua11,ua12,Delivered,10
2015/8/6,12:30,Jzcl,527-721,Street61124,Express2,ua11,ua12,Delivered,8
2015/8/29,12:30,Octp,317-345,Street21525,Express1,ua11,ua12,Delivered,8
2015/2/10,12:30,Yucz,432-464,Street95247,Express1,ua11,ua12,Delivered,7
2014/8/19,12:30,Wjmy,986-913,Street58180,Express2,ua11,ua12,Delivered,7
2015/11/8,12:30,Aczj,218-578,Street93141,Express2,ua11,ua12,Delivered,8
2015/5/16,12:30,Miyf,383-875,Street79690,Express1,ua11,ua12,Delivered,6
2015/9/16,12:30,Gufr,982-583,Street76164,Express1,ua11,ua12,Delivered,7
2015/6/7,12:30,Ntsk,154-937,Street37497,Express2,ua11,ua12,Delivered,8
2014/9/3,12:30,Ismi,951-695,Street76276,Express2,ua11,ua12,Delivered,8
2015/9/1,12:30,Usya,652-142,Street76586,Express1,ua11,ua12,Delivered,10
2015/5/2,12:30,Qgjs,397-117,Street80920,Express1,ua11,ua12,Delivered,6
2015/1/13,12:30,Qeyj,935-545,Street14883,Express1,ua11,ua12,Delivered,5
2015/5/11,12:30,Thzn,577-269,Street52399,Express1,ua11,ua12,Delivered,10
2014/7/19,12:30,Djlb,698-439,Street74791,Express1,ua11,ua12,Delivered,8
2014/10/24,12:30,Qkek,224-396,Street99327,Express2,ua11,ua12,Delivered,10
2015/8/15,12:30,Dtiz,328-883,Street13546,Express1,ua11,ua12,Delivered,6
2014/4/18,12:30,Ydry,332-425,Street47108,Express1,ua11,ua12,Delivered,8
2014/9/13,12:30,Jlok,388-194,Street16901,Express2,ua11,ua12,Delivered,7
2014/12/30,12:30,Pumg,781-859,Street18968,Express2,ua11,ua12,Delivered,9
2015/12/3,12:30,Ndqe,425-474,Street10037,Express1,ua11,ua12,Delivered,7
2014/11/12,12:30,Ccmh,687-798,Street28316,Express2,ua11,ua12,Delivered,6
2015/11/1,12:30,Aipz,229-457,Street72647,Express1,ua11,ua12,Delivered,7
2014/3/16,12:30,Xmng,646-919,Street48535,Express2,ua11,ua12,Delivered,9
2015/3/16,12:30,Eqlp,645-286,Street57857,Express2,ua11,ua12,Delivered,5
2015/4/19,12:30,Cxyh,586-946,Street43787,Express2,ua11,ua12,Delivered,5
2014/1/30,12:30,Wiup,548-283,Street43509,Express2,ua11,ua12,Delivered,10
2014/1/26,12:30,Rpvr,221-546,Street19365,Express1,ua11,ua12,Delivered,9
2015/9/30,12:30,Iwmj,355-623,Street15250,Express1,ua11,ua12,Delivered,7
2014/1/30,12:30,Dxgo,672-286,Street35419,Express1,ua12,ua13,Delivered,8
2015/2/21,12:30,Kmqd,149-929,Street93016,Express2,ua12,ua13,Delivered,10
2014/5/2,12:30,Oivg,466-255,Street47771,Express2,ua12,ua13,Delivered,8
2014/6/15,12:30,Rgqk,728-245,Street75299,Express2,ua12,ua13,Delivered,10
2014/6/17,12:30,Xkpn,496-783,Street25555,Express1,ua12,ua13,Delivered,10
2014/12/20,12:30,Dnnc,226-275,Street94763,Express1,ua12,ua13,Delivered,8
2014/7/15,12:30,Txis,397-336,Street83321,Express2,ua12,ua13,Delivered,8
2015/8/27,12:30,Odnq,552-498,Street91900,Express2,ua12,ua13,Delivered,10
2015/8/2,12:30,Hgyj,835-967,Street13538,Express1,ua12,ua13,Delivered,9
2014/12/10,12:30,Gfrq,734-743,Street63256,Express2,ua12,ua13,Delivered,7
2015/10/14,12:30,Qzlh,929-367,Street37694,Express2,ua12,ua13,Delivered,8
2014/10/12,12:30,Dcnt,993-148,Street12113,Express1,ua12,ua13,Delivered,8
2015/8/16,12:30,Whqt,713-552,Street58790,Express2,ua12,ua13,Delivered,6
2015/10/1,12:30,Ktkj,144-986,Street36060,Express2,ua12,ua13,Delivered,7
2015/10/10,12:30,Cpjv,349-217,Street70784,Express2,ua12,ua13,Delivered,9
2015/1/17,12:30,Wqig,682-826,Street35181,Express1,ua12,ua13,Delivered,9
2014/8/22,12:30,Sjbo,837-135,Street24169,Express2,ua12,ua13,Delivered,9
2015/4/23,12:30,Yeak,126-796,Street39706,Express2,ua12,ua13,Delivered,6
2015/9/7,12:30,Efbj,343-476,Street21513,Express1,ua12,ua13,Delivered,9
2015/11/28,12:30,Kwth,474-797,Street11582,Express2,ua12,ua13,Delivered,9
2014/7/26,12:30,Cmxw,282-566,Street27452,Express2,ua12,ua13,Delivered,6
2015/7/25,12:30,Tmwf,374-328,Street32472,Express2,ua12,ua13,Delivered,9
2015/5/12,12:30,Vtui,444-979,Street20617,Express2,ua12,ua13,Delivered,9
2014/12/17,12:30,Djyq,198-182,Street58752,Express2,ua12,ua13,Delivered,9
2015/6/23,12:30,Sqey,959-366,Street24745,Express2,ua12,ua13,Delivered,5
2015/12/15,12:30,Nrvv,923-817,Street84046,Express1,ua12,ua13,Delivered,9
2015/7/10,12:30,Tgck,166-849,Street54270,Express2,ua12,ua13,Delivered,10
2014/9/27,12:30,Tgbk,976-144,Street97943,Express2,ua12,ua13,Delivered,9
2015/9/13,12:30,Bwad,132-918,Street21692,Express2,ua12,ua13,Delivered,8
2014/6/10,12:30,Nkof,294-547,Street32587,Express1,ua12,ua13,Delivered,6
2015/3/28,12:30,Qmre,957-298,Street73593,Express2,ua12,ua13,Delivered,5
2015/6/28,12:30,Ympa,761-344,Street95126,Express2,ua12,ua13,Delivered,5
2015/6/6,12:30,Dbbg,657-445,Street29820,Express1,ua12,ua13,Delivered,6
2015/6/25,12:30,Rcsm,623-168,Street17231,Express2,ua12,ua13,Delivered,6
2015/7/8,12:30,Ffky,531-726,Street60052,Express1,ua12,ua13,Delivered,7
2014/2/18,12:30,Hmyz,428-243,Street39459,Express1,ua12,ua13,Delivered,6
2014/11/7,12:30,Bftq,424-716,Street80112,Express1,ua12,ua13,Delivered,6
2015/3/6,12:30,Prqk,825-281,Street53901,Express1,ua12,ua13,Delivered,7
2015/12/23,12:30,Ykgh,627-231,Street71544,Express1,ua12,ua13,Delivered,6
2015/3/20,12:30,Hzgw,191-827,Street83503,Express2,ua12,ua13,Delivered,9
2014/8/10,12:30,Rhof,639-338,Street50038,Express1,ua12,ua13,Delivered,9
2014/10/25,12:30,Egnr,466-973,Street31440,Express1,ua12,ua13,Delivered,10
2014/11/30,12:30,Lttp,562-229,Street40350,Express1,ua12,ua13,Delivered,10
2014/11/26,12:30,Tcgb,644-239,Street52470,Express2,ua12,ua13,Delivered,9
2015/6/16,12:30,Nymq,765-748,Street96979,Express1,ua12,ua13,Delivered,5
2015/9/1,12:30,Yilk,657-156,Street83665,Express1,ua12,ua13,Delivered,7
2014/2/18,12:30,Lqtf,342-256,Street71103,Express1,ua12,ua13,Delivered,10
2015/7/20,12:30,Mpdv,292-453,Street94983,Express2,ua12,ua13,Delivered,5
2015/7/10,12:30,Jkdv,217-249,Street94793,Express1,ua12,ua13,Delivered,6
2014/11/7,12:30,Jalg,744-129,Street70272,Express1,ua12,ua13,Delivered,5
2014/3/22,12:30,Bmct,765-155,Street25045,Express2,ua13,ua4,Delivered,10
2014/6/8,12:30,Dlir,558-227,Street57602,Express1,ua13,ua4,Delivered,9
2015/10/4,12:30,Bvlq,482-996,Street47333,Express1,ua13,ua4,Delivered,5
2015/4/12,12:30,Umrz,765-589,Street44131,Express1,ua13,ua4,Delivered,8
2014/10/26,12:30,Uosa,937-313,Street37128,Express2,ua13,ua4,Delivered,7
2015/2/20,12:30,Cqxk,831-122,Street88904,Express1,ua13,ua4,Delivered,10
2015/9/20,12:30,Oyci,477-529,Street74323,Express1,ua13,ua4,Delivered,5
2015/9/30,12:30,Qama,482-681,Street58217,Express2,ua13,ua4,Delivered,9
2015/10/30,12:30,Paby,858-593,Street15888,Express1,ua13,ua4,Delivered,10
2015/9/24,12:30,Tkry,194-853,Street87688,Express1,ua13,ua4,Delivered,6
2014/7/16,12:30,Diqn,235-444,Street24694,Express2,ua13,ua4,Delivered,7
2014/5/21,12:30,Hamm,558-965,Street38699,Express2,ua13,ua4,Delivered,6
2014/10/13,12:30,Qqdw,746-117,Street99343,Express2,ua13,ua4,Delivered,10
2014/10/10,12:30,Jngr,858-531,Street13396,Express2,ua13,ua4,Delivered,5
2015/3/15,12:30,Iwvn,345-118,Street27968,Express2,ua13,ua4,Delivered,8
2015/4/12,12:30,Dcer,949-976,Street80129,Express1,ua13,ua4,Delivered,10
2014/2/2,12:30,Qnpt,957-143,Street14353,Express1,ua13,ua4,Delivered,9
2015/10/5,12:30,Tnzb,255-121,Street28523,Express2,ua13,ua4,Delivered,10
2015/2/12,12:30,Flna,368-664,Street33755,Express1,ua13,ua4,Delivered,6
2014/9/23,12:30,Sfbv,975-455,Street30633,Express1,ua13,ua4,Delivered,5
2015/7/29,12:30,Ygqi,998-417,Street14046,Express2,ua13,ua4,Delivered,8
2015/5/29,12:30,Mawl,832-871,Street73154,Express2,ua13,ua4,Delivered,10
2015/6/22,12:30,Ezsj,557-368,Street12566,Express2,ua13,ua4,Delivered,6
2015/11/5,12:30,Pthy,485-269,Street23656,Express2,ua13,ua4,Delivered,8
2015/5/12,12:30,Qqfl,825-996,Street74266,Express1,ua13,ua4,Delivered,6
2014/8/7,12:30,Efuu,667-298,Street88640,Express1,ua13,ua4,Delivered,6
2015/1/26,12:30,Mbrk,786-528,Street90619,Express2,ua13,ua4,Delivered,9
2015/1/24,12:30,Hpcc,715-525,Street48243,Express2,ua13,ua4,Delivered,6
2014/3/6,12:30,Nxqu,685-623,Street75620,Express2,ua13,ua4,Delivered,9
2014/2/8,12:30,Uqin,293-551,Street51665,Express2,ua13,ua4,Delivered,9
2015/10/5,12:30,Iyiw,513-963,Street54513,Express1,ua13,ua4,Delivered,10
2015/7/3,12:30,Zbza,421-564,Street71986,Express2,ua13,ua4,Delivered,6
2015/7/17,12:30,Zcnz,785-364,Street28364,Express1,ua13,ua4,Delivered,9
2014/7/15,12:30,Qiix,752-311,Street41383,Express1,ua13,ua4,Delivered,9
2014/4/29,12:30,Eyip,329-267,Street25685,Express1,ua13,ua4,Delivered,8
2015/6/8,12:30,Eylb,374-144,Street98103,Express2,ua13,ua4,Delivered,5
2014/11/5,12:30,Omcr,474-139,Street41973,Express2,ua13,ua4,Delivered,9
2014/5/3,12:30,Lfwm,897-862,Street93895,Express2,ua13,ua4,Delivered,7
2014/10/18,12:30,Qedp,246-859,Street33028,Express1,ua13,ua4,Delivered,6
2014/1/28,12:30,Ujdy,558-219,Street51802,Express2,ua13,ua4,Delivered,5
2015/9/27,12:30,Zrig,878-293,Street87082,Express2,ua13,ua4,Delivered,5
2014/2/7,12:30,Okvr,141-782,Street13128,Express1,ua13,ua4,Delivered,7
2015/4/29,12:30,Pjxp,619-899,Street89710,Express1,ua13,ua4,Delivered,9
2014/6/27,12:30,Illm,432-583,Street26787,Express2,ua13,ua4,Delivered,7
2014/12/1,12:30,Ieph,966-867,Street80845,Express1,ua13,ua4,Delivered,6
2014/11/17,12:30,Qoro,138-936,Street99689,Express1,ua13,ua4,Delivered,9
2014/8/18,12:30,Lxaf,846-539,Street95263,Express1,ua13,ua4,Delivered,6
2015/10/3,12:30,Djwa,625-773,Street59504,Express1,ua13,ua4,Delivered,8
2014/10/18,12:30,Nmdb,196-867,Street53306,Express2,ua13,ua4,Delivered,8
2015/4/22,12:30,Ibcu,738-392,Street60597,Express1,ua13,ua4,Delivered,9