Huawei phone,best phone,Electronics,2014/10/4,N/A,OK,1369,1219,/Users/kkkevinxx/Downloads/Pictures/10.jpg,,,,43.315,-71.085
Bed,full size,Furniture,2014/2/25,N/A,OK,1829,1679,/Users/kkkevinxx/Downloads/Pictures/39.jpg,,,,43.322,-71.09
Organizer,organize your home,Furniture,2014/11/10,N/A,OK,1062,912,/Users/kkkevinxx/Downloads/Pictures/41.jpg,,,,43.333,-71.059
Desk,full size,Furniture,2015/3/8,N/A,OK,709,559,/Users/kkkevinxx/Downloads/Pictures/12.jpg,,,,43.314,-71.077
Bed,full size,Furniture,2014/5/4,N/A,OK,497,347,/Users/kkkevinxx/Downloads/Pictures/24.jpg,,,,43.337,-71.074
Organizer,organize your home,Furniture,2015/8/19,N/A,OK,623,473,/Users/kkkevinxx/Downloads/Pictures/23.jpg,,,,43.315,-71.062
Facial cleaser,give you nice touch skin,DailyUse,2015/7/11,N/A,OK,1533,1383,/Users/kkkevinxx/Downloads/Pictures/10.jpg,,,,43.315,-71.095
Organizer,organize your home,Furniture,2014/8/28,N/A,OK,1009,859,/Users/kkkevinxx/Downloads/Pictures/32.jpg,,,,43.344,-71.073
Coat,stylish coat from China,Clothing,2015/9/7,N/A,OK,1032,882,/Users/kkkevinxx/Downloads/Pictures/40.jpg,,,,43.326,-71.083
Humidifier,work well,Electronics,2015/11/6,N/A,OK,718,568,/Users/kkkevinxx/Downloads/Pictures/22.jpg,,,,43.314,-71.083
Floor Lamp,good looking,Furniture,2014/4/19,N/A,OK,764,614,/Users/kkkevinxx/Downloads/Pictures/21.jpg,,,,43.337,-71.089
Bed,full size,Furniture,2015/1/28,N/A,OK,2171,2021,/Users/kkkevinxx/Downloads/Pictures/8.jpg,,,,43.343,-71.074
Mattress,bouncy,Furniture,2014/2/6,N/A,OK,2031,1881,/Users/kkkevinxx/Downloads/Pictures/17.jpg,,,,43.341,-71.093
Huawei phone,best phone,Electronics,2015/6/27,N/A,OK,2171,2021,/Users/kkkevinxx/Downloads/Pictures/8.jpg,,,,43.335,-71.092
Coat,stylish coat from China,Clothing,2015/7/20,N/A,OK,1356,1206,/Users/kkkevinxx/Downloads/Pictures/32.jpg,,,,43.33,-71.095
Subway Card,semester card,Traffic,2014/6/23,N/A,OK,354,204,/Users/kkkevinxx/Downloads/Pictures/43.jpg,,,,43.32,-71.083
Subway Card,semester card,Traffic,2015/5/22,N/A,OK,794,644,/Users/kkkevinxx/Downloads/Pictures/8.jpg,,,,43.346,-71.094
Coat,stylish coat from China,Clothing,2015/6/27,N/A,OK,575,425,/Users/kkkevinxx/Downloads/Pictures/47.jpg,,,,43.341,-71.08
Desk,full size,Furniture,2015/9/6,N/A,OK,442,292,/Users/kkkevinxx/Downloads/Pictures/2.jpg,,,,43.318,-71.06
Huawei phone,best phone,Electronics,2015/8/21,N/A,OK,879,729,/Users/kkkevinxx/Downloads/Pictures/36.jpg,,,,43.345,-71.064
Desk,full size,Furniture,2015/10/27,N/A,OK,1802,1652,/Users/kkkevinxx/Downloads/Pictures/47.jpg,,,,43.317,-71.067
Earphone,good sound,Electronics,2015/2/28,N/A,OK,1928,1778,/Users/kkkevinxx/Downloads/Pictures/18.jpg,,,,43.322,-71.093
Organizer,organize your home,Furniture,2014/11/8,N/A,OK,595,445,/Users/kkkevinxx/Downloads/Pictures/5.jpg,,,,43.349,-71.079
Humidifier,work well,Electronics,2015/2/26,N/A,OK,1928,1778,/Users/kkkevinxx/Downloads/Pictures/35.jpg,,,,43.328,-71.06
Mattress,bouncy,Furniture,2014/11/19,N/A,OK,511,361,/Users/kkkevinxx/Downloads/Pictures/2.jpg,,,,43.346,-71.092
Humidifier,work well,Electronics,2015/5/6,N/A,OK,246,96,/Users/kkkevinxx/Downloads/Pictures/47.jpg,,,,43.347,-71.083
Desk,full size,Furniture,2015/7/29,N/A,OK,1248,1098,/Users/kkkevinxx/Downloads/Pictures/47.jpg,,,,43.311,-71.087
Floor Lamp,good looking,Furniture,2015/7/4,N/A,OK,1946,1796,/Users/kkkevinxx/Downloads/Pictures/17.jpg,,,,43.338,-71.078
Floor Lamp,good looking,Furniture,2015/2/7,N/A,OK,942,792,/Users/kkkevinxx/Downloads/Pictures/36.jpg,,,,43.31,-71.093
Floor Lamp,good looking,Furniture,2014/8/6,N/A,OK,1457,1307,/Users/kkkevinxx/Downloads/Pictures/46.jpg,,,,43.34,-71.089
Desk,full size,Furniture,2014/6/26,N/A,OK,811,661,/Users/kkkevinxx/Downloads/Pictures/14.jpg,,,,43.335,-71.064
Chair,comfortable,Furniture,2015/11/4,N/A,OK,1552,1402,/Users/kkkevinxx/Downloads/Pictures/32.jpg,,,,43.329,-71.074
Bed,full size,Furniture,2015/4/1,N/A,OK,495,345,/Users/kkkevinxx/Downloads/Pictures/40.jpg,,,,43.325,-71.077
Desk,full size,Furniture,2015/10/29,N/A,OK,1643,1493,/Users/kkkevinxx/Downloads/Pictures/48.jpg,,,,43.314,-71.082
Coat,stylish coat from China,Clothing,2015/9/7,N/A,OK,2155,2005,/Users/kkkevinxx/Downloads/Pictures/50.jpg,,,,43.332,-71.068
Floor Lamp,good looking,Furniture,2015/5/3,N/A,OK,1247,1097,/Users/kkkevinxx/Downloads/Pictures/15.jpg,,,,43.348,-71.098
BMW vihicle,second hand,Traffic,2014/2/26,N/A,OK,1907,1757,/Users/kkkevinxx/Downloads/Pictures/28.jpg,,,,43.332,-71.062
Frozen Dumplings,home flavor,Food,2014/11/27,N/A,OK,2179,2029,/Users/kkkevinxx/Downloads/Pictures/46.jpg,,,,43.322,-71.089
Frozen Dumplings,home flavor,Food,2014/11/27,N/A,OK,659,509,/Users/kkkevinxx/Downloads/Pictures/3.jpg,,,,43.341,-71.086
Floor Lamp,good looking,Furniture,2014/11/25,N/A,OK,750,600,/Users/kkkevinxx/Downloads/Pictures/42.jpg,,,,43.347,-71.063
Mattress,bouncy,Furniture,2014/11/8,N/A,OK,794,644,/Users/kkkevinxx/Downloads/Pictures/42.jpg,,,,43.324,-71.093
Mattress,bouncy,Furniture,2015/8/3,N/A,OK,832,682,/Users/kkkevinxx/Downloads/Pictures/6.jpg,,,,43.349,-71.089
Bed,full size,Furniture,2014/1/7,N/A,OK,484,334,/Users/kkkevinxx/Downloads/Pictures/45.jpg,,,,43.325,-71.097
Subway Card,semester card,Traffic,2014/10/27,N/A,OK,243,93,/Users/kkkevinxx/Downloads/Pictures/49.jpg,,,,43.336,-71.076
Coat,stylish coat from China,Clothing,2015/3/23,N/A,OK,1708,1558,/Users/kkkevinxx/Downloads/Pictures/38.jpg,,,,43.342,-71.089
Leggings,makes your leg looks ever slimmer,Clothing,2015/7/14,N/A,OK,360,210,/Users/kkkevinxx/Downloads/Pictures/5.jpg,,,,43.315,-71.085
Humidifier,work well,Electronics,2014/3/6,N/A,OK,1256,1106,/Users/kkkevinxx/Downloads/Pictures/6.jpg,,,,43.332,-71.062
Mattress,bouncy,Furniture,2015/1/23,N/A,OK,342,192,/Users/kkkevinxx/Downloads/Pictures/47.jpg,,,,43.324,-71.092
Floor Lamp,good looking,Furniture,2015/3/20,N/A,OK,2125,1975,/Users/kkkevinxx/Downloads/Pictures/25.jpg,,,,43.312,-71.065
Humidifier,work well,Electronics,2015/7/16,N/A,OK,677,527,/Users/kkkevinxx/Downloads/Pictures/3.jpg,,,,43.316,-71.078
Organizer,organize your home,Furniture,2015/2/27,N/A,OK,1853,1703,/Users/kkkevinxx/Downloads/Pictures/39.jpg,,,,43.345,-71.066
Bed,full size,Furniture,2014/6/10,N/A,OK,2098,1948,/Users/kkkevinxx/Downloads/Pictures/15.jpg,,,,43.319,-71.062
Coat,stylish coat from China,Clothing,2014/4/26,N/A,OK,309,159,/Users/kkkevinxx/Downloads/Pictures/21.jpg,,,,43.33,-71.067
Humidifier,work well,Electronics,2015/8/13,N/A,OK,1143,993,/Users/kkkevinxx/Downloads/Pictures/5.jpg,,,,43.341,-71.07
Facial cleaser,give you nice touch skin,DailyUse,2014/6/5,N/A,OK,454,304,/Users/kkkevinxx/Downloads/Pictures/16.jpg,,,,43.328,-71.083
Frozen Dumplings,home flavor,Food,2014/3/26,N/A,OK,829,679,/Users/kkkevinxx/Downloads/Pictures/19.jpg,,,,43.337,-71.071
Desk,full size,Furniture,2014/10/7,N/A,OK,1475,1325,/Users/kkkevinxx/Downloads/Pictures/46.jpg,,,,43.317,-71.084
Facial cleaser,give you nice touch skin,DailyUse,2015/6/12,N/A,OK,2012,1862,/Users/kkkevinxx/Downloads/Pictures/36.jpg,,,,43.331,-71.087
Mattress,bouncy,Furniture,2014/9/9,N/A,OK,539,389,/Users/kkkevinxx/Downloads/Pictures/39.jpg,,,,43.312,-71.082
Humidifier,work well,Electronics,2014/9/25,N/A,OK,2085,1935,/Users/kkkevinxx/Downloads/Pictures/34.jpg,,,,43.322,-71.092
BMW vihicle,second hand,Traffic,2014/9/16,N/A,OK,1178,1028,/Users/kkkevinxx/Downloads/Pictures/26.jpg,,,,43.345,-71.088
Earphone,good sound,Electronics,2015/8/27,N/A,OK,623,473,/Users/kkkevinxx/Downloads/Pictures/47.jpg,,,,43.323,-71.081
Huawei phone,best phone,Electronics,2014/3/11,N/A,OK,1034,884,/Users/kkkevinxx/Downloads/Pictures/9.jpg,,,,43.334,-71.062
Subway Card,semester card,Traffic,2014/8/1,N/A,OK,566,416,/Users/kkkevinxx/Downloads/Pictures/14.jpg,,,,43.349,-71.068
Desk,full size,Furniture,2015/7/27,N/A,OK,1365,1215,/Users/kkkevinxx/Downloads/Pictures/5.jpg,,,,43.348,-71.081
Desk,full size,Furniture,2015/2/16,N/A,OK,357,207,/Users/kkkevinxx/Downloads/Pictures/21.jpg,,,,43.333,-71.09
Noodles Sauce,Chinese flavor sauces,Food,2015/8/11,N/A,OK,1248,1098,/Users/kkkevinxx/Downloads/Pictures/36.jpg,,,,43.313,-71.096
Organizer,organize your home,Furniture,2014/8/23,N/A,OK,1275,1125,/Users/kkkevinxx/Downloads/Pictures/1.jpg,,,,43.312,-71.078
iphone,nice phone,Electronics,2015/3/20,N/A,OK,1011,861,/Users/kkkevinxx/Downloads/Pictures/11.jpg,,,,43.342,-71.063
Bed,full size,Furniture,2014/9/19,N/A,OK,949,799,/Users/kkkevinxx/Downloads/Pictures/19.jpg,,,,43.324,-71.096
Floor Lamp,good looking,Furniture,2015/2/19,N/A,OK,1816,1666,/Users/kkkevinxx/Downloads/Pictures/5.jpg,,,,43.328,-71.076
iphone,nice phone,Electronics,2014/2/15,N/A,OK,728,578,/Users/kkkevinxx/Downloads/Pictures/9.jpg,,,,43.342,-71.06
Leggings,makes your leg looks ever slimmer,Clothing,2015/2/2,N/A,OK,1779,1629,/Users/kkkevinxx/Downloads/Pictures/24.jpg,,,,43.328,-71.064
Bed,full size,Furniture,2014/1/21,N/A,OK,1171,1021,/Users/kkkevinxx/Downloads/Pictures/43.jpg,,,,43.312,-71.092
iphone,nice phone,Electronics,2015/5/23,N/A,OK,1306,1156,/Users/kkkevinxx/Downloads/Pictures/31.jpg,,,,43.333,-71.064
iphone,nice phone,Electronics,2015/11/26,N/A,OK,521,371,/Users/kkkevinxx/Downloads/Pictures/38.jpg,,,,43.338,-71.072
Coat,stylish coat from China,Clothing,2014/7/7,N/A,OK,1621,1471,/Users/kkkevinxx/Downloads/Pictures/17.jpg,,,,43.31,-71.085
Hair dryer,fast dry experience,Electronics,2015/10/9,N/A,OK,1479,1329,/Users/kkkevinxx/Downloads/Pictures/47.jpg,,,,43.342,-71.083
Bed,full size,Furniture,2015/2/9,N/A,OK,675,525,/Users/kkkevinxx/Downloads/Pictures/2.jpg,,,,43.32,-71.098
Mattress,bouncy,Furniture,2014/10/18,N/A,OK,2057,1907,/Users/kkkevinxx/Downloads/Pictures/3.jpg,,,,43.343,-71.075
Bicycle,really smooth ride experience,Traffic,2015/9/5,N/A,OK,1760,1610,/Users/kkkevinxx/Downloads/Pictures/21.jpg,,,,43.337,-71.079
Desk,full size,Furniture,2014/4/4,N/A,OK,646,496,/Users/kkkevinxx/Downloads/Pictures/19.jpg,,,,43.316,-71.082
Coat,stylish coat from China,Clothing,2015/7/3,N/A,OK,260,110,/Users/kkkevinxx/Downloads/Pictures/10.jpg,,,,43.325,-71.083
Organizer,organize your home,Furniture,2014/2/25,N/A,OK,1734,1584,/Users/kkkevinxx/Downloads/Pictures/18.jpg,,,,43.328,-71.087
Coat,stylish coat from China,Clothing,2014/6/10,N/A,OK,982,832,/Users/kkkevinxx/Downloads/Pictures/25.jpg,,,,43.319,-71.081
Floor Lamp,good looking,Furniture,2014/6/14,N/A,OK,963,813,/Users/kkkevinxx/Downloads/Pictures/1.jpg,,,,43.337,-71.098
Desk,full size,Furniture,2014/9/6,N/A,OK,475,325,/Users/kkkevinxx/Downloads/Pictures/20.jpg,,,,43.342,-71.094
Organizer,organize your home,Furniture,2015/10/21,N/A,OK,408,258,/Users/kkkevinxx/Downloads/Pictures/32.jpg,,,,43.326,-71.09
BMW vihicle,second hand,Traffic,2014/7/29,N/A,OK,1660,1510,/Users/kkkevinxx/Downloads/Pictures/19.jpg,,,,43.312,-71.085
Leggings,makes your leg looks ever slimmer,Clothing,2015/4/24,N/A,OK,1039,889,/Users/kkkevinxx/Downloads/Pictures/10.jpg,,,,43.33,-71.069
Coat,stylish coat from China,Clothing,2014/7/28,N/A,OK,1898,1748,/Users/kkkevinxx/Downloads/Pictures/44.jpg,,,,43.317,-71.093
Floor Lamp,good looking,Furniture,2014/10/29,N/A,OK,1434,1284,/Users/kkkevinxx/Downloads/Pictures/19.jpg,,,,43.336,-71.089
BMW vihicle,second hand,Traffic,2015/11/26,N/A,OK,447,297,/Users/kkkevinxx/Downloads/Pictures/21.jpg,,,,43.324,-71.089
Floor Lamp,good looking,Furniture,2014/6/1,N/A,OK,1772,1622,/Users/kkkevinxx/Downloads/Pictures/25.jpg,,,,43.344,-71.059
Desk,full size,Furniture,2015/4/27,N/A,OK,924,774,/Users/kkkevinxx/Downloads/Pictures/24.jpg,,,,43.343,-71.085
Frozen Dumplings,home flavor,Food,2015/3/15,N/A,OK,2075,1925,/Users/kkkevinxx/Downloads/Pictures/44.jpg,,,,43.321,-71.059
Organizer,organize your home,Furniture,2015/6/25,N/A,OK,1067,917,/Users/kkkevinxx/Downloads/Pictures/15.jpg,,,,43.329,-71.062
iphone,nice phone,Electronics,2014/8/18,N/A,OK,1541,1391,/Users/kkkevinxx/Downloads/Pictures/29.jpg,,,,43.343,-71.082
Floor Lamp,good looking,Furniture,2014/7/16,N/A,OK,1675,1525,/Users/kkkevinxx/Downloads/Pictures/16.jpg,,,,43.336,-71.078
Organizer,organize your home,Furniture,2014/10/22,N/A,OK,1609,1459,/Users/kkkevinxx/Downloads/Pictures/46.jpg,,,,43.337,-71.087
Coat,stylish coat from China,Clothing,2015/2/27,N/A,OK,1126,976,/Users/kkkevinxx/Downloads/Pictures/50.jpg,,,,43.349,-71.065
Organizer,organize your home,Furniture,2015/2/6,N/A,OK,1162,1012,/Users/kkkevinxx/Downloads/Pictures/50.jpg,,,,43.321,-71.073
Scarf,warm you in the cold night,Clothing,2014/9/12,N/A,OK,1329,1179,/Users/kkkevinxx/Downloads/Pictures/14.jpg,,,,43.319,-71.081
Floor Lamp,good looking,Furniture,2015/1/1,N/A,OK,1913,1763,/Users/kkkevinxx/Downloads/Pictures/18.jpg,,,,43.345,-71.097
Organizer,organize your home,Furniture,2015/3/11,N/A,OK,1387,1237,/Users/kkkevinxx/Downloads/Pictures/47.jpg,,,,43.311,-71.08
Floor Lamp,good looking,Furniture,2014/11/6,N/A,OK,1689,1539,/Users/kkkevinxx/Downloads/Pictures/45.jpg,,,,43.312,-71.067
Chair,comfortable,Furniture,2014/6/7,N/A,OK,562,412,/Users/kkkevinxx/Downloads/Pictures/6.jpg,,,,43.34,-71.089
Organizer,organize your home,Furniture,2014/2/1,N/A,OK,849,699,/Users/kkkevinxx/Downloads/Pictures/39.jpg,,,,43.334,-71.069
Desk,full size,Furniture,2014/4/3,N/A,OK,424,274,/Users/kkkevinxx/Downloads/Pictures/7.jpg,,,,43.339,-71.092
Desk,full size,Furniture,2015/10/19,N/A,OK,580,430,/Users/kkkevinxx/Downloads/Pictures/26.jpg,,,,43.343,-71.097
BMW vihicle,second hand,Traffic,2014/6/9,N/A,OK,1276,1126,/Users/kkkevinxx/Downloads/Pictures/25.jpg,,,,43.325,-71.067
Mattress,bouncy,Furniture,2014/8/14,N/A,OK,1244,1094,/Users/kkkevinxx/Downloads/Pictures/3.jpg,,,,43.332,-71.084
BMW vihicle,second hand,Traffic,2015/9/14,N/A,OK,2093,1943,/Users/kkkevinxx/Downloads/Pictures/34.jpg,,,,43.311,-71.086
Coat,stylish coat from China,Clothing,2015/11/14,N/A,OK,316,166,/Users/kkkevinxx/Downloads/Pictures/29.jpg,,,,43.314,-71.095
Coat,stylish coat from China,Clothing,2014/10/7,N/A,OK,299,149,/Users/kkkevinxx/Downloads/Pictures/7.jpg,,,,43.321,-71.064
Bed,full size,Furniture,2015/1/22,N/A,OK,773,623,/Users/kkkevinxx/Downloads/Pictures/9.jpg,,,,43.309,-71.077
iphone,nice phone,Electronics,2015/4/10,N/A,OK,1750,1600,/Users/kkkevinxx/Downloads/Pictures/20.jpg,,,,43.309,-71.073
Frozen Dumplings,home flavor,Food,2015/5/19,N/A,OK,2006,1856,/Users/kkkevinxx/Downloads/Pictures/30.jpg,,,,43.326,-71.098
Huawei phone,best phone,Electronics,2014/7/9,N/A,OK,223,73,/Users/kkkevinxx/Downloads/Pictures/6.jpg,,,,43.326,-71.086
Frozen Dumplings,home flavor,Food,2014/2/28,N/A,OK,554,404,/Users/kkkevinxx/Downloads/Pictures/27.jpg,,,,43.341,-71.06
Organizer,organize your home,Furniture,2014/11/14,N/A,OK,1640,1490,/Users/kkkevinxx/Downloads/Pictures/4.jpg,,,,43.337,-71.061
Frozen Dumplings,home flavor,Food,2015/5/2,N/A,OK,1038,888,/Users/kkkevinxx/Downloads/Pictures/45.jpg,,,,43.324,-71.075
Chair,comfortable,Furniture,2014/4/21,N/A,OK,1076,926,/Users/kkkevinxx/Downloads/Pictures/27.jpg,,,,43.319,-71.066
Bed,full size,Furniture,2015/11/5,N/A,OK,748,598,/Users/kkkevinxx/Downloads/Pictures/23.jpg,,,,43.316,-71.072
Mattress,bouncy,Furniture,2014/6/12,N/A,OK,389,239,/Users/kkkevinxx/Downloads/Pictures/45.jpg,,,,43.32,-71.086
Floor Lamp,good looking,Furniture,2015/7/8,N/A,OK,337,187,/Users/kkkevinxx/Downloads/Pictures/35.jpg,,,,43.311,-71.059
Organizer,organize your home,Furniture,2015/1/8,N/A,OK,1000,850,/Users/kkkevinxx/Downloads/Pictures/41.jpg,,,,43.314,-71.099
Organizer,organize your home,Furniture,2014/11/4,N/A,OK,1983,1833,/Users/kkkevinxx/Downloads/Pictures/28.jpg,,,,43.311,-71.081
Coat,stylish coat from China,Clothing,2014/6/27,N/A,OK,2038,1888,/Users/kkkevinxx/Downloads/Pictures/38.jpg,,,,43.333,-71.089
Coat,stylish coat from China,Clothing,2015/4/29,N/A,OK,1279,1129,/Users/kkkevinxx/Downloads/Pictures/38.jpg,,,,43.309,-71.082
Huawei phone,best phone,Electronics,2014/3/25,N/A,OK,612,462,/Users/kkkevinxx/Downloads/Pictures/36.jpg,,,,43.342,-71.06
Bicycle,really smooth ride experience,Traffic,2014/7/3,N/A,OK,1894,1744,/Users/kkkevinxx/Downloads/Pictures/35.jpg,,,,43.339,-71.098
Humidifier,work well,Electronics,2014/9/15,N/A,OK,531,381,/Users/kkkevinxx/Downloads/Pictures/47.jpg,,,,43.309,-71.076
Organizer,organize your home,Furniture,2014/2/8,N/A,OK,810,660,/Users/kkkevinxx/Downloads/Pictures/16.jpg,,,,43.31,-71.064
Frozen Dumplings,home flavor,Food,2015/10/15,N/A,OK,232,82,/Users/kkkevinxx/Downloads/Pictures/49.jpg,,,,43.344,-71.078
Chair,comfortable,Furniture,2015/6/17,N/A,OK,596,446,/Users/kkkevinxx/Downloads/Pictures/37.jpg,,,,43.324,-71.085
Earphone,good sound,Electronics,2014/8/8,N/A,OK,2099,1949,/Users/kkkevinxx/Downloads/Pictures/31.jpg,,,,43.342,-71.073
Subway Card,semester card,Traffic,2015/6/1,N/A,OK,1841,1691,/Users/kkkevinxx/Downloads/Pictures/23.jpg,,,,43.346,-71.068
Organizer,organize your home,Furniture,2014/7/5,N/A,OK,1660,1510,/Users/kkkevinxx/Downloads/Pictures/47.jpg,,,,43.32,-71.094
Desk,full size,Furniture,2015/5/4,N/A,OK,1378,1228,/Users/kkkevinxx/Downloads/Pictures/28.jpg,,,,43.342,-71.061
Mattress,bouncy,Furniture,2015/9/5,N/A,OK,472,322,/Users/kkkevinxx/Downloads/Pictures/14.jpg,,,,43.33,-71.061
Humidifier,work well,Electronics,2015/4/15,N/A,OK,458,308,/Users/kkkevinxx/Downloads/Pictures/33.jpg,,,,43.332,-71.075
Coat,stylish coat from China,Clothing,2015/9/24,N/A,OK,670,520,/Users/kkkevinxx/Downloads/Pictures/49.jpg,,,,43.343,-71.071
Floor Lamp,good looking,Furniture,2014/4/7,N/A,OK,1448,1298,/Users/kkkevinxx/Downloads/Pictures/43.jpg,,,,43.315,-71.077
BMW vihicle,second hand,Traffic,2014/9/4,N/A,OK,337,187,/Users/kkkevinxx/Downloads/Pictures/45.jpg,,,,43.311,-71.082
Subway Card,semester card,Traffic,2014/3/19,N/A,OK,2008,1858,/Users/kkkevinxx/Downloads/Pictures/38.jpg,,,,43.329,-71.077
Organizer,organize your home,Furniture,2015/7/27,N/A,OK,921,771,/Users/kkkevinxx/Downloads/Pictures/8.jpg,,,,43.345,-71.086
Floor Lamp,good looking,Furniture,2014/7/4,N/A,OK,2000,1850,/Users/kkkevinxx/Downloads/Pictures/37.jpg,,,,43.334,-71.062
Organizer,organize your home,Furniture,2014/7/23,N/A,OK,978,828,/Users/kkkevinxx/Downloads/Pictures/27.jpg,,,,43.331,-71.063
Desk,full size,Furniture,2015/2/19,N/A,OK,618,468,/Users/kkkevinxx/Downloads/Pictures/30.jpg,,,,43.325,-71.06
Scarf,warm you in the cold night,Clothing,2015/5/16,N/A,OK,439,289,/Users/kkkevinxx/Downloads/Pictures/12.jpg,,,,43.329,-71.076
Organizer,organize your home,Furniture,2014/9/12,N/A,OK,1441,1291,/Users/kkkevinxx/Downloads/Pictures/7.jpg,,,,43.32,-71.089
Noodles Sauce,Chinese flavor sauces,Food,2015/7/22,N/A,OK,539,389,/Users/kkkevinxx/Downloads/Pictures/11.jpg,,,,43.325,-71.07
Organizer,organize your home,Furniture,2015/3/23,N/A,OK,1192,1042,/Users/kkkevinxx/Downloads/Pictures/19.jpg,,,,43.318,-71.098
Scarf,warm you in the cold night,Clothing,2015/9/28,N/A,OK,374,224,/Users/kkkevinxx/Downloads/Pictures/21.jpg,,,,43.344,-71.062
Floor Lamp,good looking,Furniture,2015/1/27,N/A,OK,2062,1912,/Users/kkkevinxx/Downloads/Pictures/37.jpg,,,,43.338,-71.09
Coat,stylish coat from China,Clothing,2015/1/17,N/A,OK,1809,1659,/Users/kkkevinxx/Downloads/Pictures/33.jpg,,,,43.342,-71.073
Chair,comfortable,Furniture,2015/5/18,N/A,OK,1461,1311,/Users/kkkevinxx/Downloads/Pictures/2.jpg,,,,43.338,-71.085
Noodles Sauce,Chinese flavor sauces,Food,2014/3/10,N/A,OK,2196,2046,/Users/kkkevinxx/Downloads/Pictures/2.jpg,,,,43.324,-71.098
Humidifier,work well,Electronics,2014/8/3,N/A,OK,963,813,/Users/kkkevinxx/Downloads/Pictures/41.jpg,,,,43.327,-71.065
Bed,full size,Furniture,2015/5/24,N/A,OK,999,849,/Users/kkkevinxx/Downloads/Pictures/13.jpg,,,,43.331,-71.088
Organizer,organize your home,Furniture,2015/10/9,N/A,OK,2112,1962,/Users/kkkevinxx/Downloads/Pictures/26.jpg,,,,43.323,-71.094
Humidifier,work well,Electronics,2014/3/12,N/A,OK,2016,1866,/Users/kkkevinxx/Downloads/Pictures/23.jpg,,,,43.321,-71.099
Chair,comfortable,Furniture,2014/10/18,N/A,OK,536,386,/Users/kkkevinxx/Downloads/Pictures/28.jpg,,,,43.323,-71.063
Mattress,bouncy,Furniture,2015/5/14,N/A,OK,1407,1257,/Users/kkkevinxx/Downloads/Pictures/45.jpg,,,,43.313,-71.063
Bed,full size,Furniture,2015/10/7,N/A,OK,1577,1427,/Users/kkkevinxx/Downloads/Pictures/3.jpg,,,,43.345,-71.089
Coat,stylish coat from China,Clothing,2015/9/8,N/A,OK,1210,1060,/Users/kkkevinxx/Downloads/Pictures/21.jpg,,,,43.329,-71.092
Desk,full size,Furniture,2015/5/17,N/A,OK,319,169,/Users/kkkevinxx/Downloads/Pictures/1.jpg,,,,43.326,-71.074
Floor Lamp,good looking,Furniture,2015/6/14,N/A,OK,417,267,/Users/kkkevinxx/Downloads/Pictures/2.jpg,,,,43.323,-71.081
Bed,full size,Furniture,2014/10/10,N/A,OK,521,371,/Users/kkkevinxx/Downloads/Pictures/43.jpg,,,,43.349,-71.066
Bed,full size,Furniture,2015/10/19,N/A,OK,1025,875,/Users/kkkevinxx/Downloads/Pictures/19.jpg,,,,43.347,-71.099
BMW vihicle,second hand,Traffic,2015/1/25,N/A,OK,509,359,/Users/kkkevinxx/Downloads/Pictures/7.jpg,,,,43.33,-71.084
Coat,stylish coat from China,Clothing,2015/1/27,N/A,OK,758,608,/Users/kkkevinxx/Downloads/Pictures/42.jpg,,,,43.316,-71.078
Leggings,makes your leg looks ever slimmer,Clothing,2014/5/22,N/A,OK,1589,1439,/Users/kkkevinxx/Downloads/Pictures/17.jpg,,,,43.34,-71.098
Floor Lamp,good looking,Furniture,2014/4/14,N/A,OK,1349,1199,/Users/kkkevinxx/Downloads/Pictures/3.jpg,,,,43.324,-71.082
iphone,nice phone,Electronics,2015/1/14,N/A,OK,1956,1806,/Users/kkkevinxx/Downloads/Pictures/47.jpg,,,,43.312,-71.07
Floor Lamp,good looking,Furniture,2014/6/21,N/A,OK,1455,1305,/Users/kkkevinxx/Downloads/Pictures/50.jpg,,,,43.331,-71.086
Humidifier,work well,Electronics,2014/10/5,N/A,OK,467,317,/Users/kkkevinxx/Downloads/Pictures/5.jpg,,,,43.322,-71.072
Floor Lamp,good looking,Furniture,2015/10/20,N/A,OK,325,175,/Users/kkkevinxx/Downloads/Pictures/3.jpg,,,,43.343,-71.065
Frozen Dumplings,home flavor,Food,2014/11/6,N/A,OK,1928,1778,/Users/kkkevinxx/Downloads/Pictures/32.jpg,,,,43.322,-71.085
Floor Lamp,good looking,Furniture,2015/11/28,N/A,OK,401,251,/Users/kkkevinxx/Downloads/Pictures/33.jpg,,,,43.34,-71.06
Bed,full size,Furniture,2015/3/10,N/A,OK,809,659,/Users/kkkevinxx/Downloads/Pictures/18.jpg,,,,43.331,-71.098
Huawei phone,best phone,Electronics,2015/8/26,N/A,OK,1982,1832,/Users/kkkevinxx/Downloads/Pictures/49.jpg,,,,43.316,-71.061
Chair,comfortable,Furniture,2014/3/5,N/A,OK,1468,1318,/Users/kkkevinxx/Downloads/Pictures/11.jpg,,,,43.336,-71.093
Facial cleaser,give you nice touch skin,DailyUse,2015/3/2,N/A,OK,969,819,/Users/kkkevinxx/Downloads/Pictures/48.jpg,,,,43.31,-71.091
Coat,stylish coat from China,Clothing,2015/1/27,N/A,OK,2092,1942,/Users/kkkevinxx/Downloads/Pictures/5.jpg,,,,43.312,-71.089
Frozen Dumplings,home flavor,Food,2014/4/10,N/A,OK,1574,1424,/Users/kkkevinxx/Downloads/Pictures/17.jpg,,,,43.335,-71.074
Leggings,makes your leg looks ever slimmer,Clothing,2015/10/19,N/A,OK,626,476,/Users/kkkevinxx/Downloads/Pictures/25.jpg,,,,43.323,-71.096
Bed,full size,Furniture,2015/2/3,N/A,OK,1618,1468,/Users/kkkevinxx/Downloads/Pictures/17.jpg,,,,43.318,-71.086
Scarf,warm you in the cold night,Clothing,2014/6/19,N/A,OK,1936,1786,/Users/kkkevinxx/Downloads/Pictures/12.jpg,,,,43.312,-71.059
Leggings,makes your leg looks ever slimmer,Clothing,2014/3/25,N/A,OK,796,646,/Users/kkkevinxx/Downloads/Pictures/24.jpg,,,,43.33,-71.084
Bed,full size,Furniture,2014/9/14,N/A,OK,397,247,/Users/kkkevinxx/Downloads/Pictures/41.jpg,,,,43.337,-71.081
Subway Card,semester card,Traffic,2015/7/20,N/A,OK,1894,1744,/Users/kkkevinxx/Downloads/Pictures/12.jpg,,,,43.322,-71.063
Mattress,bouncy,Furniture,2014/1/8,N/A,OK,972,822,/Users/kkkevinxx/Downloads/Pictures/27.jpg,,,,43.321,-71.064
Organizer,organize your home,Furniture,2014/10/28,N/A,OK,1564,1414,/Users/kkkevinxx/Downloads/Pictures/43.jpg,,,,43.349,-71.082
Mattress,bouncy,Furniture,2014/9/9,N/A,OK,642,492,/Users/kkkevinxx/Downloads/Pictures/31.jpg,,,,43.327,-71.071
Facial Lotion, moistrize your skin,DailyUse,2014/8/19,N/A,OK,777,627,/Users/kkkevinxx/Downloads/Pictures/21.jpg,,,,43.332,-71.082
Floor Lamp,good looking,Furniture,2015/8/10,N/A,OK,785,635,/Users/kkkevinxx/Downloads/Pictures/16.jpg,,,,43.346,-71.097
BMW vihicle,second hand,Traffic,2014/2/24,N/A,OK,1532,1382,/Users/kkkevinxx/Downloads/Pictures/17.jpg,,,,43.334,-71.062
Desk,full size,Furniture,2014/6/25,N/A,OK,1821,1671,/Users/kkkevinxx/Downloads/Pictures/23.jpg,,,,43.316,-71.07
Bed,full size,Furniture,2014/2/11,N/A,OK,1798,1648,/Users/kkkevinxx/Downloads/Pictures/45.jpg,,,,43.333,-71.062
Organizer,organize your home,Furniture,2015/4/4,N/A,OK,2000,1850,/Users/kkkevinxx/Downloads/Pictures/44.jpg,,,,43.309,-71.092
Coat,stylish coat from China,Clothing,2015/7/25,N/A,OK,1034,884,/Users/kkkevinxx/Downloads/Pictures/29.jpg,,,,43.316,-71.08
Organizer,organize your home,Furniture,2014/9/28,N/A,OK,827,677,/Users/kkkevinxx/Downloads/Pictures/19.jpg,,,,43.309,-71.073
Facial cleaser,give you nice touch skin,DailyUse,2015/2/13,N/A,OK,1845,1695,/Users/kkkevinxx/Downloads/Pictures/18.jpg,,,,43.318,-71.088
Frozen Dumplings,home flavor,Food,2014/5/13,N/A,OK,2067,1917,/Users/kkkevinxx/Downloads/Pictures/37.jpg,,,,43.322,-71.066
Bed,full size,Furniture,2014/8/17,N/A,OK,1624,1474,/Users/kkkevinxx/Downloads/Pictures/38.jpg,,,,43.323,-71.069
Organizer,organize your home,Furniture,2014/8/25,N/A,OK,1731,1581,/Users/kkkevinxx/Downloads/Pictures/38.jpg,,,,43.341,-71.098
Scarf,warm you in the cold night,Clothing,2014/6/15,N/A,OK,1105,955,/Users/kkkevinxx/Downloads/Pictures/41.jpg,,,,43.332,-71.07
Frozen Dumplings,home flavor,Food,2014/11/5,N/A,OK,796,646,/Users/kkkevinxx/Downloads/Pictures/19.jpg,,,,43.32,-71.071
Mattress,bouncy,Furniture,2015/2/16,N/A,OK,897,747,/Users/kkkevinxx/Downloads/Pictures/31.jpg,,,,43.34,-71.065
Humidifier,work well,Electronics,2015/3/6,N/A,OK,743,593,/Users/kkkevinxx/Downloads/Pictures/9.jpg,,,,43.347,-71.092
Scarf,warm you in the cold night,Clothing,2015/1/13,N/A,OK,2060,1910,/Users/kkkevinxx/Downloads/Pictures/45.jpg,,,,43.337,-71.064
Organizer,organize your home,Furniture,2015/3/3,N/A,OK,2196,2046,/Users/kkkevinxx/Downloads/Pictures/20.jpg,,,,43.323,-71.092
Earphone,good sound,Electronics,2015/5/2,N/A,OK,765,615,/Users/kkkevinxx/Downloads/Pictures/4.jpg,,,,43.31,-71.089
Coat,stylish coat from China,Clothing,2014/9/26,N/A,OK,1194,1044,/Users/kkkevinxx/Downloads/Pictures/41.jpg,,,,43.347,-71.067
Floor Lamp,good looking,Furniture,2015/6/17,N/A,OK,1969,1819,/Users/kkkevinxx/Downloads/Pictures/41.jpg,,,,43.338,-71.077
Chair,comfortable,Furniture,2015/1/28,N/A,OK,1672,1522,/Users/kkkevinxx/Downloads/Pictures/41.jpg,,,,43.34,-71.064
Mattress,bouncy,Furniture,2014/11/15,N/A,OK,881,731,/Users/kkkevinxx/Downloads/Pictures/50.jpg,,,,43.325,-71.085
Coat,stylish coat from China,Clothing,2014/10/1,N/A,OK,844,694,/Users/kkkevinxx/Downloads/Pictures/24.jpg,,,,43.327,-71.081
Earphone,good sound,Electronics,2015/3/18,N/A,OK,1770,1620,/Users/kkkevinxx/Downloads/Pictures/50.jpg,,,,43.316,-71.077
Chair,comfortable,Furniture,2015/6/21,N/A,OK,2143,1993,/Users/kkkevinxx/Downloads/Pictures/6.jpg,,,,43.313,-71.064
Desk,full size,Furniture,2014/8/7,N/A,OK,1374,1224,/Users/kkkevinxx/Downloads/Pictures/7.jpg,,,,43.32,-71.089
Frozen Dumplings,home flavor,Food,2015/2/15,N/A,OK,314,164,/Users/kkkevinxx/Downloads/Pictures/24.jpg,,,,43.348,-71.062
Noodles Sauce,Chinese flavor sauces,Food,2014/11/19,N/A,OK,824,674,/Users/kkkevinxx/Downloads/Pictures/33.jpg,,,,43.334,-71.066
Coat,stylish coat from China,Clothing,2015/6/24,N/A,OK,1123,973,/Users/kkkevinxx/Downloads/Pictures/33.jpg,,,,43.342,-71.082
Facial Lotion, moistrize your skin,DailyUse,2015/3/22,N/A,OK,1586,1436,/Users/kkkevinxx/Downloads/Pictures/42.jpg,,,,43.319,-71.094
Earphone,good sound,Electronics,2014/8/10,N/A,OK,1957,1807,/Users/kkkevinxx/Downloads/Pictures/33.jpg,,,,43.339,-71.095
Leggings,makes your leg looks ever slimmer,Clothing,2015/7/12,N/A,OK,1439,1289,/Users/kkkevinxx/Downloads/Pictures/23.jpg,,,,43.328,-71.076
Earphone,good sound,Electronics,2014/4/24,N/A,OK,1328,1178,/Users/kkkevinxx/Downloads/Pictures/13.jpg,,,,43.325,-71.093
Noodles Sauce,Chinese flavor sauces,Food,2014/8/23,N/A,OK,1988,1838,/Users/kkkevinxx/Downloads/Pictures/24.jpg,,,,43.32,-71.07
Floor Lamp,good looking,Furniture,2014/6/29,N/A,OK,970,820,/Users/kkkevinxx/Downloads/Pictures/42.jpg,,,,43.318,-71.095
Leggings,makes your leg looks ever slimmer,Clothing,2015/5/19,N/A,OK,1595,1445,/Users/kkkevinxx/Downloads/Pictures/14.jpg,,,,43.33,-71.077
Organizer,organize your home,Furniture,2014/2/17,N/A,OK,1863,1713,/Users/kkkevinxx/Downloads/Pictures/28.jpg,,,,43.31,-71.059
Huawei phone,best phone,Electronics,2015/11/24,N/A,OK,953,803,/Users/kkkevinxx/Downloads/Pictures/31.jpg,,,,43.321,-71.075
Frozen Dumplings,home flavor,Food,2015/11/18,N/A,OK,1040,890,/Users/kkkevinxx/Downloads/Pictures/34.jpg,,,,43.314,-71.062
Chair,comfortable,Furniture,2014/9/29,N/A,OK,811,661,/Users/kkkevinxx/Downloads/Pictures/10.jpg,,,,43.338,-71.096
Desk,full size,Furniture,2015/1/29,N/A,OK,1544,1394,/Users/kkkevinxx/Downloads/Pictures/33.jpg,,,,43.325,-71.064
Mattress,bouncy,Furniture,2015/4/29,N/A,OK,565,415,/Users/kkkevinxx/Downloads/Pictures/3.jpg,,,,43.317,-71.083
Mattress,bouncy,Furniture,2015/10/6,N/A,OK,1351,1201,/Users/kkkevinxx/Downloads/Pictures/48.jpg,,,,43.32,-71.084
Frozen Dumplings,home flavor,Food,2015/5/9,N/A,OK,570,420,/Users/kkkevinxx/Downloads/Pictures/35.jpg,,,,43.337,-71.089
Coat,stylish coat from China,Clothing,2015/7/22,N/A,OK,401,251,/Users/kkkevinxx/Downloads/Pictures/7.jpg,,,,43.329,-71.09
Bed,full size,Furniture,2014/10/24,N/A,OK,2148,1998,/Users/kkkevinxx/Downloads/Pictures/44.jpg,,,,43.325,-71.06
Coat,stylish coat from China,Clothing,2015/6/24,N/A,OK,234,84,/Users/kkkevinxx/Downloads/Pictures/45.jpg,,,,43.345,-71.066
Chair,comfortable,Furniture,2015/2/20,N/A,OK,1243,1093,/Users/kkkevinxx/Downloads/Pictures/12.jpg,,,,43.336,-71.064
Chair,comfortable,Furniture,2014/5/26,N/A,OK,1933,1783,/Users/kkkevinxx/Downloads/Pictures/10.jpg,,,,43.317,-71.065
BMW vihicle,second hand,Traffic,2014/6/2,N/A,OK,693,543,/Users/kkkevinxx/Downloads/Pictures/19.jpg,,,,43.319,-71.073
Chair,comfortable,Furniture,2014/3/29,N/A,OK,1281,1131,/Users/kkkevinxx/Downloads/Pictures/2.jpg,,,,43.335,-71.084
Bed,full size,Furniture,2014/2/3,N/A,OK,1938,1788,/Users/kkkevinxx/Downloads/Pictures/5.jpg,,,,43.345,-71.065
Huawei phone,best phone,Electronics,2014/11/29,N/A,OK,1153,1003,/Users/kkkevinxx/Downloads/Pictures/45.jpg,,,,43.339,-71.075
Huawei phone,best phone,Electronics,2015/9/24,N/A,OK,1859,1709,/Users/kkkevinxx/Downloads/Pictures/5.jpg,,,,43.314,-71.08
Organizer,organize your home,Furniture,2015/5/6,N/A,OK,213,63,/Users/kkkevinxx/Downloads/Pictures/3.jpg,,,,43.311,-71.064
iphone,nice phone,Electronics,2014/5/7,N/A,OK,2198,2048,/Users/kkkevinxx/Downloads/Pictures/12.jpg,,,,43.335,-71.074
Mattress,bouncy,Furniture,2015/9/5,N/A,OK,1989,1839,/Users/kkkevinxx/Downloads/Pictures/2.jpg,,,,43.322,-71.085
Chair,comfortable,Furniture,2014/11/3,N/A,OK,1729,1579,/Users/kkkevinxx/Downloads/Pictures/26.jpg,,,,43.318,-71.091
Coat,stylish coat from China,Clothing,2015/5/21,N/A,OK,1327,1177,/Users/kkkevinxx/Downloads/Pictures/30.jpg,,,,43.341,-71.083
iphone,nice phone,Electronics,2015/9/23,N/A,OK,991,841,/Users/kkkevinxx/Downloads/Pictures/22.jpg,,,,43.324,-71.066
Bed,full size,Furniture,2014/1/15,N/A,OK,2093,1943,/Users/kkkevinxx/Downloads/Pictures/31.jpg,,,,43.345,-71.087
Organizer,organize your home,Furniture,2014/2/5,N/A,OK,2008,1858,/Users/kkkevinxx/Downloads/Pictures/39.jpg,,,,43.342,-71.081
Desk,full size,Furniture,2014/8/11,N/A,OK,804,654,/Users/kkkevinxx/Downloads/Pictures/24.jpg,,,,43.328,-71.075
Floor Lamp,good looking,Furniture,2015/4/16,N/A,OK,905,755,/Users/kkkevinxx/Downloads/Pictures/45.jpg,,,,43.318,-71.07
Organizer,organize your home,Furniture,2014/11/7,N/A,OK,1606,1456,/Users/kkkevinxx/Downloads/Pictures/50.jpg,,,,43.346,-71.086
Organizer,organize your home,Furniture,2015/7/2,N/A,OK,1833,1683,/Users/kkkevinxx/Downloads/Pictures/25.jpg,,,,43.348,-71.069
Organizer,organize your home,Furniture,2014/1/10,N/A,OK,701,551,/Users/kkkevinxx/Downloads/Pictures/44.jpg,,,,43.347,-71.09
Facial Lotion, moistrize your skin,DailyUse,2015/7/27,N/A,OK,1991,1841,/Users/kkkevinxx/Downloads/Pictures/32.jpg,,,,43.346,-71.064
Noodles Sauce,Chinese flavor sauces,Food,2014/8/3,N/A,OK,947,797,/Users/kkkevinxx/Downloads/Pictures/25.jpg,,,,43.342,-71.071
Leggings,makes your leg looks ever slimmer,Clothing,2015/2/5,N/A,OK,1878,1728,/Users/kkkevinxx/Downloads/Pictures/10.jpg,,,,43.31,-71.099
Floor Lamp,good looking,Furniture,2014/6/14,N/A,OK,1915,1765,/Users/kkkevinxx/Downloads/Pictures/4.jpg,,,,43.347,-71.073
Chair,comfortable,Furniture,2015/6/26,N/A,OK,2182,2032,/Users/kkkevinxx/Downloads/Pictures/2.jpg,,,,43.321,-71.062
Mattress,bouncy,Furniture,2015/10/13,N/A,OK,1164,1014,/Users/kkkevinxx/Downloads/Pictures/43.jpg,,,,43.339,-71.068
Organizer,organize your home,Furniture,2015/5/18,N/A,OK,935,785,/Users/kkkevinxx/Downloads/Pictures/27.jpg,,,,43.338,-71.093
Organizer,organize your home,Furniture,2014/2/25,N/A,OK,947,797,/Users/kkkevinxx/Downloads/Pictures/21.jpg,,,,43.311,-71.06
Coat,stylish coat from China,Clothing,2015/7/2,N/A,OK,1702,1552,/Users/kkkevinxx/Downloads/Pictures/31.jpg,,,,43.316,-71.09
Chair,comfortable,Furniture,2015/5/5,N/A,OK,921,771,/Users/kkkevinxx/Downloads/Pictures/45.jpg,,,,43.313,-71.068
Coat,stylish coat from China,Clothing,2015/10/25,N/A,OK,1652,1502,/Users/kkkevinxx/Downloads/Pictures/3.jpg,,,,43.328,-71.083
Mattress,bouncy,Furniture,2015/5/9,N/A,OK,1740,1590,/Users/kkkevinxx/Downloads/Pictures/30.jpg,,,,43.337,-71.085
Huawei phone,best phone,Electronics,2015/7/25,N/A,OK,1424,1274,/Users/kkkevinxx/Downloads/Pictures/35.jpg,,,,43.342,-71.09
Coat,stylish coat from China,Clothing,2014/1/20,N/A,OK,654,504,/Users/kkkevinxx/Downloads/Pictures/34.jpg,,,,43.325,-71.06
iphone,nice phone,Electronics,2015/4/4,N/A,OK,602,452,/Users/kkkevinxx/Downloads/Pictures/3.jpg,,,,43.329,-71.066
Floor Lamp,good looking,Furniture,2015/1/29,N/A,OK,424,274,/Users/kkkevinxx/Downloads/Pictures/12.jpg,,,,43.316,-71.088
Subway Card,semester card,Traffic,2014/5/24,N/A,OK,1578,1428,/Users/kkkevinxx/Downloads/Pictures/43.jpg,,,,43.33,-71.061
Bicycle,really smooth ride experience,Traffic,2014/6/2,N/A,OK,972,822,/Users/kkkevinxx/Downloads/Pictures/16.jpg,,,,43.311,-71.067
BMW vihicle,second hand,Traffic,2015/9/3,N/A,OK,368,218,/Users/kkkevinxx/Downloads/Pictures/12.jpg,,,,43.332,-71.093
Mattress,bouncy,Furniture,2014/3/27,N/A,OK,1257,1107,/Users/kkkevinxx/Downloads/Pictures/25.jpg,,,,43.332,-71.093
BMW vihicle,second hand,Traffic,2014/8/16,N/A,OK,1754,1604,/Users/kkkevinxx/Downloads/Pictures/27.jpg,,,,43.327,-71.062
Facial cleaser,give you nice touch skin,DailyUse,2014/10/14,N/A,OK,841,691,/Users/kkkevinxx/Downloads/Pictures/18.jpg,,,,43.343,-71.076
Desk,full size,Furniture,2015/9/6,N/A,OK,1824,1674,/Users/kkkevinxx/Downloads/Pictures/11.jpg,,,,43.348,-71.098
Floor Lamp,good looking,Furniture,2014/5/7,N/A,OK,569,419,/Users/kkkevinxx/Downloads/Pictures/40.jpg,,,,43.331,-71.068
Humidifier,work well,Electronics,2015/8/19,N/A,OK,1629,1479,/Users/kkkevinxx/Downloads/Pictures/49.jpg,,,,43.342,-71.09
Floor Lamp,good looking,Furniture,2015/10/15,N/A,OK,1617,1467,/Users/kkkevinxx/Downloads/Pictures/36.jpg,,,,43.311,-71.074
Floor Lamp,good looking,Furniture,2014/1/13,N/A,OK,1285,1135,/Users/kkkevinxx/Downloads/Pictures/42.jpg,,,,43.312,-71.063
Desk,full size,Furniture,2015/4/25,N/A,OK,2017,1867,/Users/kkkevinxx/Downloads/Pictures/21.jpg,,,,43.33,-71.092
Bed,full size,Furniture,2014/5/21,N/A,OK,339,189,/Users/kkkevinxx/Downloads/Pictures/10.jpg,,,,43.34,-71.066
BMW vihicle,second hand,Traffic,2015/7/21,N/A,OK,1470,1320,/Users/kkkevinxx/Downloads/Pictures/11.jpg,,,,43.324,-71.084
Facial Lotion, moistrize your skin,DailyUse,2014/11/15,N/A,OK,1716,1566,/Users/kkkevinxx/Downloads/Pictures/23.jpg,,,,43.324,-71.09
Frozen Dumplings,home flavor,Food,2014/6/15,N/A,OK,955,805,/Users/kkkevinxx/Downloads/Pictures/21.jpg,,,,43.336,-71.065
Subway Card,semester card,Traffic,2015/7/18,N/A,OK,939,789,/Users/kkkevinxx/Downloads/Pictures/30.jpg,,,,43.32,-71.077
Subway Card,semester card,Traffic,2015/4/20,N/A,OK,1277,1127,/Users/kkkevinxx/Downloads/Pictures/14.jpg,,,,43.34,-71.081
Organizer,organize your home,Furniture,2014/3/24,N/A,OK,1668,1518,/Users/kkkevinxx/Downloads/Pictures/47.jpg,,,,43.328,-71.06
Coat,stylish coat from China,Clothing,2014/3/27,N/A,OK,220,70,/Users/kkkevinxx/Downloads/Pictures/32.jpg,,,,43.325,-71.081
Humidifier,work well,Electronics,2015/8/2,N/A,OK,867,717,/Users/kkkevinxx/Downloads/Pictures/27.jpg,,,,43.324,-71.098
Frozen Dumplings,home flavor,Food,2014/2/18,N/A,OK,1504,1354,/Users/kkkevinxx/Downloads/Pictures/44.jpg,,,,43.346,-71.082
Bicycle,really smooth ride experience,Traffic,2015/5/11,N/A,OK,2132,1982,/Users/kkkevinxx/Downloads/Pictures/29.jpg,,,,43.322,-71.076
Huawei phone,best phone,Electronics,2015/7/23,N/A,OK,2140,1990,/Users/kkkevinxx/Downloads/Pictures/41.jpg,,,,43.336,-71.094
Organizer,organize your home,Furniture,2015/7/19,N/A,OK,1853,1703,/Users/kkkevinxx/Downloads/Pictures/44.jpg,,,,43.324,-71.067
Floor Lamp,good looking,Furniture,2015/7/28,N/A,OK,2168,2018,/Users/kkkevinxx/Downloads/Pictures/6.jpg,,,,43.34,-71.083
Coat,stylish coat from China,Clothing,2014/11/22,N/A,OK,1982,1832,/Users/kkkevinxx/Downloads/Pictures/16.jpg,,,,43.321,-71.087
Desk,full size,Furniture,2015/8/22,N/A,OK,2076,1926,/Users/kkkevinxx/Downloads/Pictures/19.jpg,,,,43.324,-71.099
Earphone,good sound,Electronics,2014/1/11,N/A,OK,1193,1043,/Users/kkkevinxx/Downloads/Pictures/37.jpg,,,,43.346,-71.081
Bed,full size,Furniture,2014/11/14,N/A,OK,408,258,/Users/kkkevinxx/Downloads/Pictures/25.jpg,,,,43.339,-71.071
Organizer,organize your home,Furniture,2015/2/5,N/A,OK,1192,1042,/Users/kkkevinxx/Downloads/Pictures/6.jpg,,,,43.333,-71.097
Facial Lotion, moistrize your skin,DailyUse,2015/4/15,N/A,OK,1294,1144,/Users/kkkevinxx/Downloads/Pictures/42.jpg,,,,43.345,-71.083
Floor Lamp,good looking,Furniture,2015/1/29,N/A,OK,828,678,/Users/kkkevinxx/Downloads/Pictures/8.jpg,,,,43.313,-71.099
Coat,stylish coat from China,Clothing,2015/1/11,N/A,OK,727,577,/Users/kkkevinxx/Downloads/Pictures/17.jpg,,,,43.34,-71.096
BMW vihicle,second hand,Traffic,2015/11/7,N/A,OK,1503,1353,/Users/kkkevinxx/Downloads/Pictures/3.jpg,,,,43.332,-71.062
Bed,full size,Furniture,2015/2/24,N/A,OK,1467,1317,/Users/kkkevinxx/Downloads/Pictures/19.jpg,,,,43.313,-71.066
Mattress,bouncy,Furniture,2014/9/3,N/A,OK,1145,995,/Users/kkkevinxx/Downloads/Pictures/17.jpg,,,,43.317,-71.078
Chair,comfortable,Furniture,2014/1/17,N/A,OK,1468,1318,/Users/kkkevinxx/Downloads/Pictures/34.jpg,,,,43.343,-71.068
Mattress,bouncy,Furniture,2015/3/27,N/A,OK,725,575,/Users/kkkevinxx/Downloads/Pictures/2.jpg,,,,43.329,-71.075
Bed,full size,Furniture,2014/10/28,N/A,OK,1632,1482,/Users/kkkevinxx/Downloads/Pictures/9.jpg,,,,43.344,-71.084
Humidifier,work well,Electronics,2015/8/2,N/A,OK,947,797,/Users/kkkevinxx/Downloads/Pictures/24.jpg,,,,43.324,-71.096
Huawei phone,best phone,Electronics,2015/6/1,N/A,OK,1570,1420,/Users/kkkevinxx/Downloads/Pictures/7.jpg,,,,43.34,-71.083
Leggings,makes your leg looks ever slimmer,Clothing,2014/1/11,N/A,OK,1343,1193,/Users/kkkevinxx/Downloads/Pictures/42.jpg,,,,43.321,-71.063
Coat,stylish coat from China,Clothing,2014/11/3,N/A,OK,882,732,/Users/kkkevinxx/Downloads/Pictures/8.jpg,,,,43.319,-71.08
Leggings,makes your leg looks ever slimmer,Clothing,2015/8/11,N/A,OK,1498,1348,/Users/kkkevinxx/Downloads/Pictures/49.jpg,,,,43.321,-71.076
Bed,full size,Furniture,2014/7/29,N/A,OK,2153,2003,/Users/kkkevinxx/Downloads/Pictures/47.jpg,,,,43.323,-71.063
Chair,comfortable,Furniture,2015/2/19,N/A,OK,625,475,/Users/kkkevinxx/Downloads/Pictures/39.jpg,,,,43.319,-71.072
Humidifier,work well,Electronics,2014/4/9,N/A,OK,619,469,/Users/kkkevinxx/Downloads/Pictures/48.jpg,,,,43.339,-71.078
Desk,full size,Furniture,2015/3/14,N/A,OK,1099,949,/Users/kkkevinxx/Downloads/Pictures/23.jpg,,,,43.348,-71.06
Chair,comfortable,Furniture,2014/3/1,N/A,OK,2005,1855,/Users/kkkevinxx/Downloads/Pictures/46.jpg,,,,43.314,-71.093
Scarf,warm you in the cold night,Clothing,2015/3/21,N/A,OK,1887,1737,/Users/kkkevinxx/Downloads/Pictures/21.jpg,,,,43.325,-71.073
Floor Lamp,good looking,Furniture,2015/2/11,N/A,OK,654,504,/Users/kkkevinxx/Downloads/Pictures/16.jpg,,,,43.343,-71.072
Bed,full size,Furniture,2014/6/25,N/A,OK,1105,955,/Users/kkkevinxx/Downloads/Pictures/31.jpg,,,,43.319,-71.07
Chair,comfortable,Furniture,2014/7/10,N/A,OK,508,358,/Users/kkkevinxx/Downloads/Pictures/22.jpg,,,,43.331,-71.082
Humidifier,work well,Electronics,2014/4/19,N/A,OK,1122,972,/Users/kkkevinxx/Downloads/Pictures/50.jpg,,,,43.343,-71.08
Huawei phone,best phone,Electronics,2015/1/24,N/A,OK,1977,1827,/Users/kkkevinxx/Downloads/Pictures/23.jpg,,,,43.341,-71.063
Huawei phone,best phone,Electronics,2015/5/14,N/A,OK,820,670,/Users/kkkevinxx/Downloads/Pictures/23.jpg,,,,43.341,-71.09
Coat,stylish coat from China,Clothing,2015/9/5,N/A,OK,2068,1918,/Users/kkkevinxx/Downloads/Pictures/13.jpg,,,,43.321,-71.089
Chair,comfortable,Furniture,2015/3/29,N/A,OK,1648,1498,/Users/kkkevinxx/Downloads/Pictures/34.jpg,,,,43.325,-71.067
Organizer,organize your home,Furniture,2014/6/9,N/A,OK,1482,1332,/Users/kkkevinxx/Downloads/Pictures/42.jpg,,,,43.337,-71.065
Bed,full size,Furniture,2015/4/25,N/A,OK,1202,1052,/Users/kkkevinxx/Downloads/Pictures/37.jpg,,,,43.336,-71.082
Floor Lamp,good looking,Furniture,2014/11/19,N/A,OK,597,447,/Users/kkkevinxx/Downloads/Pictures/5.jpg,,,,43.328,-71.064
Coat,stylish coat from China,Clothing,2014/9/20,N/A,OK,1969,1819,/Users/kkkevinxx/Downloads/Pictures/24.jpg,,,,43.324,-71.079
Scarf,warm you in the cold night,Clothing,2014/10/20,N/A,OK,474,324,/Users/kkkevinxx/Downloads/Pictures/41.jpg,,,,43.333,-71.069
Desk,full size,Furniture,2015/10/18,N/A,OK,1802,1652,/Users/kkkevinxx/Downloads/Pictures/19.jpg,,,,43.321,-71.06
Bed,full size,Furniture,2015/9/13,N/A,OK,1109,959,/Users/kkkevinxx/Downloads/Pictures/47.jpg,,,,43.33,-71.071
Noodles Sauce,Chinese flavor sauces,Food,2014/11/4,N/A,OK,529,379,/Users/kkkevinxx/Downloads/Pictures/31.jpg,,,,43.321,-71.062
Chair,comfortable,Furniture,2015/2/18,N/A,OK,1239,1089,/Users/kkkevinxx/Downloads/Pictures/46.jpg,,,,43.336,-71.086
Bed,full size,Furniture,2014/1/6,N/A,OK,1870,1720,/Users/kkkevinxx/Downloads/Pictures/39.jpg,,,,43.309,-71.072
Desk,full size,Furniture,2014/8/3,N/A,OK,1976,1826,/Users/kkkevinxx/Downloads/Pictures/13.jpg,,,,43.319,-71.099
Desk,full size,Furniture,2015/9/6,N/A,OK,1533,1383,/Users/kkkevinxx/Downloads/Pictures/37.jpg,,,,43.33,-71.078
Desk,full size,Furniture,2014/5/22,N/A,OK,503,353,/Users/kkkevinxx/Downloads/Pictures/4.jpg,,,,43.347,-71.073
Bed,full size,Furniture,2014/3/24,N/A,OK,1060,910,/Users/kkkevinxx/Downloads/Pictures/14.jpg,,,,43.348,-71.065
Floor Lamp,good looking,Furniture,2014/11/11,N/A,OK,1910,1760,/Users/kkkevinxx/Downloads/Pictures/15.jpg,,,,43.312,-71.07
BMW vihicle,second hand,Traffic,2014/10/5,N/A,OK,511,361,/Users/kkkevinxx/Downloads/Pictures/13.jpg,,,,43.329,-71.06
Subway Card,semester card,Traffic,2014/11/16,N/A,OK,1072,922,/Users/kkkevinxx/Downloads/Pictures/12.jpg,,,,43.31,-71.068
Huawei phone,best phone,Electronics,2014/1/12,N/A,OK,1660,1510,/Users/kkkevinxx/Downloads/Pictures/16.jpg,,,,43.329,-71.076
Coat,stylish coat from China,Clothing,2015/9/24,N/A,OK,210,60,/Users/kkkevinxx/Downloads/Pictures/27.jpg,,,,43.319,-71.068
iphone,nice phone,Electronics,2014/7/12,N/A,OK,817,667,/Users/kkkevinxx/Downloads/Pictures/28.jpg,,,,43.311,-71.095
Desk,full size,Furniture,2014/6/5,N/A,OK,1455,1305,/Users/kkkevinxx/Downloads/Pictures/28.jpg,,,,43.32,-71.068
Mattress,bouncy,Furniture,2015/11/15,N/A,OK,773,623,/Users/kkkevinxx/Downloads/Pictures/32.jpg,,,,43.342,-71.09
Huawei phone,best phone,Electronics,2015/9/23,N/A,OK,1348,1198,/Users/kkkevinxx/Downloads/Pictures/23.jpg,,,,43.342,-71.085
Bicycle,really smooth ride experience,Traffic,2014/1/14,N/A,OK,738,588,/Users/kkkevinxx/Downloads/Pictures/15.jpg,,,,43.337,-71.091
Floor Lamp,good looking,Furniture,2014/9/14,N/A,OK,1792,1642,/Users/kkkevinxx/Downloads/Pictures/16.jpg,,,,43.314,-71.059
Floor Lamp,good looking,Furniture,2015/7/22,N/A,OK,1390,1240,/Users/kkkevinxx/Downloads/Pictures/9.jpg,,,,43.34,-71.06
Humidifier,work well,Electronics,2014/10/21,N/A,OK,1428,1278,/Users/kkkevinxx/Downloads/Pictures/30.jpg,,,,43.347,-71.099
Chair,comfortable,Furniture,2015/4/8,N/A,OK,1380,1230,/Users/kkkevinxx/Downloads/Pictures/32.jpg,,,,43.345,-71.068
Bed,full size,Furniture,2014/3/28,N/A,OK,871,721,/Users/kkkevinxx/Downloads/Pictures/50.jpg,,,,43.339,-71.097
Floor Lamp,good looking,Furniture,2015/3/12,N/A,OK,1776,1626,/Users/kkkevinxx/Downloads/Pictures/15.jpg,,,,43.325,-71.082
iphone,nice phone,Electronics,2015/6/20,N/A,OK,592,442,/Users/kkkevinxx/Downloads/Pictures/39.jpg,,,,43.329,-71.075
Facial cleaser,give you nice touch skin,DailyUse,2015/10/9,N/A,OK,2034,1884,/Users/kkkevinxx/Downloads/Pictures/21.jpg,,,,43.312,-71.075
Chair,comfortable,Furniture,2015/2/9,N/A,OK,1551,1401,/Users/kkkevinxx/Downloads/Pictures/13.jpg,,,,43.315,-71.078
Mattress,bouncy,Furniture,2015/6/20,N/A,OK,1096,946,/Users/kkkevinxx/Downloads/Pictures/25.jpg,,,,43.333,-71.084
Bed,full size,Furniture,2014/5/2,N/A,OK,1915,1765,/Users/kkkevinxx/Downloads/Pictures/2.jpg,,,,43.312,-71.088
Bicycle,really smooth ride experience,Traffic,2015/5/13,N/A,OK,2180,2030,/Users/kkkevinxx/Downloads/Pictures/15.jpg,,,,43.316,-71.089
BMW vihicle,second hand,Traffic,2015/7/8,N/A,OK,395,245,/Users/kkkevinxx/Downloads/Pictures/22.jpg,,,,43.347,-71.081
Scarf,warm you in the cold night,Clothing,2014/3/10,N/A,OK,1727,1577,/Users/kkkevinxx/Downloads/Pictures/26.jpg,,,,43.333,-71.074
Organizer,organize your home,Furniture,2014/2/13,N/A,OK,1843,1693,/Users/kkkevinxx/Downloads/Pictures/20.jpg,,,,43.329,-71.09
Floor Lamp,good looking,Furniture,2014/7/6,N/A,OK,1822,1672,/Users/kkkevinxx/Downloads/Pictures/8.jpg,,,,43.344,-71.074
Desk,full size,Furniture,2014/2/10,N/A,OK,1809,1659,/Users/kkkevinxx/Downloads/Pictures/50.jpg,,,,43.322,-71.066
BMW vihicle,second hand,Traffic,2014/8/19,N/A,OK,1157,1007,/Users/kkkevinxx/Downloads/Pictures/45.jpg,,,,43.31,-71.077
Facial Lotion, moistrize your skin,DailyUse,2014/7/12,N/A,OK,1745,1595,/Users/kkkevinxx/Downloads/Pictures/15.jpg,,,,43.335,-71.082
Desk,full size,Furniture,2014/2/3,N/A,OK,330,180,/Users/kkkevinxx/Downloads/Pictures/25.jpg,,,,43.319,-71.094
Frozen Dumplings,home flavor,Food,2014/6/20,N/A,OK,1506,1356,/Users/kkkevinxx/Downloads/Pictures/50.jpg,,,,43.323,-71.081
Chair,comfortable,Furniture,2015/11/13,N/A,OK,935,785,/Users/kkkevinxx/Downloads/Pictures/12.jpg,,,,43.348,-71.087
Desk,full size,Furniture,2014/2/8,N/A,OK,609,459,/Users/kkkevinxx/Downloads/Pictures/2.jpg,,,,43.337,-71.069
BMW vihicle,second hand,Traffic,2014/8/27,N/A,OK,462,312,/Users/kkkevinxx/Downloads/Pictures/38.jpg,,,,43.323,-71.081
Noodles Sauce,Chinese flavor sauces,Food,2014/9/2,N/A,OK,587,437,/Users/kkkevinxx/Downloads/Pictures/47.jpg,,,,43.31,-71.061
iphone,nice phone,Electronics,2014/8/24,N/A,OK,573,423,/Users/kkkevinxx/Downloads/Pictures/21.jpg,,,,43.34,-71.063
Huawei phone,best phone,Electronics,2014/7/4,N/A,OK,1457,1307,/Users/kkkevinxx/Downloads/Pictures/19.jpg,,,,43.349,-71.091
Noodles Sauce,Chinese flavor sauces,Food,2014/11/23,N/A,OK,764,614,/Users/kkkevinxx/Downloads/Pictures/9.jpg,,,,43.31,-71.06
Bed,full size,Furniture,2014/1/7,N/A,OK,2047,1897,/Users/kkkevinxx/Downloads/Pictures/50.jpg,,,,43.347,-71.073
Mattress,bouncy,Furniture,2015/6/16,N/A,OK,847,697,/Users/kkkevinxx/Downloads/Pictures/23.jpg,,,,43.326,-71.063
Bed,full size,Furniture,2015/10/26,N/A,OK,524,374,/Users/kkkevinxx/Downloads/Pictures/40.jpg,,,,43.337,-71.095
iphone,nice phone,Electronics,2015/2/7,N/A,OK,2001,1851,/Users/kkkevinxx/Downloads/Pictures/15.jpg,,,,43.312,-71.073
Bed,full size,Furniture,2015/9/6,N/A,OK,2017,1867,/Users/kkkevinxx/Downloads/Pictures/19.jpg,,,,43.34,-71.071
iphone,nice phone,Electronics,2014/5/3,N/A,OK,1419,1269,/Users/kkkevinxx/Downloads/Pictures/23.jpg,,,,43.345,-71.079
Coat,stylish coat from China,Clothing,2015/10/10,N/A,OK,758,608,/Users/kkkevinxx/Downloads/Pictures/38.jpg,,,,43.336,-71.093
Noodles Sauce,Chinese flavor sauces,Food,2015/1/2,N/A,OK,1824,1674,/Users/kkkevinxx/Downloads/Pictures/20.jpg,,,,43.338,-71.09
Mattress,bouncy,Furniture,2014/1/13,N/A,OK,537,387,/Users/kkkevinxx/Downloads/Pictures/24.jpg,,,,43.314,-71.091
Desk,full size,Furniture,2014/7/9,N/A,OK,210,60,/Users/kkkevinxx/Downloads/Pictures/37.jpg,,,,43.332,-71.089
Subway Card,semester card,Traffic,2015/6/11,N/A,OK,1700,1550,/Users/kkkevinxx/Downloads/Pictures/39.jpg,,,,43.345,-71.059
Earphone,good sound,Electronics,2015/1/5,N/A,OK,337,187,/Users/kkkevinxx/Downloads/Pictures/44.jpg,,,,43.312,-71.074
Desk,full size,Furniture,2015/3/18,N/A,OK,1173,1023,/Users/kkkevinxx/Downloads/Pictures/23.jpg,,,,43.334,-71.099
Coat,stylish coat from China,Clothing,2014/10/21,N/A,OK,456,306,/Users/kkkevinxx/Downloads/Pictures/48.jpg,,,,43.341,-71.089
Mattress,bouncy,Furniture,2014/6/14,N/A,OK,282,132,/Users/kkkevinxx/Downloads/Pictures/42.jpg,,,,43.347,-71.081
Facial Lotion, moistrize your skin,DailyUse,2015/2/5,N/A,OK,1752,1602,/Users/kkkevinxx/Downloads/Pictures/50.jpg,,,,43.341,-71.085
Organizer,organize your home,Furniture,2015/5/27,N/A,OK,1275,1125,/Users/kkkevinxx/Downloads/Pictures/46.jpg,,,,43.342,-71.07
Coat,stylish coat from China,Clothing,2015/9/27,N/A,OK,1881,1731,/Users/kkkevinxx/Downloads/Pictures/18.jpg,,,,43.343,-71.064
Organizer,organize your home,Furniture,2014/8/8,N/A,OK,1625,1475,/Users/kkkevinxx/Downloads/Pictures/36.jpg,,,,43.332,-71.077
Humidifier,work well,Electronics,2015/1/4,N/A,OK,1802,1652,/Users/kkkevinxx/Downloads/Pictures/43.jpg,,,,43.318,-71.059
Mattress,bouncy,Furniture,2015/5/17,N/A,OK,1192,1042,/Users/kkkevinxx/Downloads/Pictures/33.jpg,,,,43.312,-71.076
Desk,full size,Furniture,2014/5/15,N/A,OK,903,753,/Users/kkkevinxx/Downloads/Pictures/8.jpg,,,,43.34,-71.062
Floor Lamp,good looking,Furniture,2014/11/1,N/A,OK,1369,1219,/Users/kkkevinxx/Downloads/Pictures/31.jpg,,,,43.33,-71.079
Organizer,organize your home,Furniture,2014/6/18,N/A,OK,1106,956,/Users/kkkevinxx/Downloads/Pictures/31.jpg,,,,43.347,-71.069
iphone,nice phone,Electronics,2015/8/10,N/A,OK,1232,1082,/Users/kkkevinxx/Downloads/Pictures/12.jpg,,,,43.311,-71.098
Leggings,makes your leg looks ever slimmer,Clothing,2014/9/23,N/A,OK,1319,1169,/Users/kkkevinxx/Downloads/Pictures/22.jpg,,,,43.341,-71.097
Floor Lamp,good looking,Furniture,2014/8/1,N/A,OK,1596,1446,/Users/kkkevinxx/Downloads/Pictures/38.jpg,,,,43.326,-71.096
Organizer,organize your home,Furniture,2014/7/15,N/A,OK,1152,1002,/Users/kkkevinxx/Downloads/Pictures/31.jpg,,,,43.313,-71.068
Facial Lotion, moistrize your skin,DailyUse,2015/8/3,N/A,OK,1690,1540,/Users/kkkevinxx/Downloads/Pictures/35.jpg,,,,43.315,-71.07
Subway Card,semester card,Traffic,2014/10/17,N/A,OK,1383,1233,/Users/kkkevinxx/Downloads/Pictures/32.jpg,,,,43.322,-71.084
Floor Lamp,good looking,Furniture,2014/9/4,N/A,OK,904,754,/Users/kkkevinxx/Downloads/Pictures/14.jpg,,,,43.34,-71.086
BMW vihicle,second hand,Traffic,2014/8/19,N/A,OK,2083,1933,/Users/kkkevinxx/Downloads/Pictures/31.jpg,,,,43.322,-71.074
Mattress,bouncy,Furniture,2015/5/22,N/A,OK,1734,1584,/Users/kkkevinxx/Downloads/Pictures/41.jpg,,,,43.314,-71.094
Organizer,organize your home,Furniture,2014/9/2,N/A,OK,1727,1577,/Users/kkkevinxx/Downloads/Pictures/35.jpg,,,,43.311,-71.073
Organizer,organize your home,Furniture,2014/7/18,N/A,OK,1689,1539,/Users/kkkevinxx/Downloads/Pictures/7.jpg,,,,43.319,-71.075
Facial Lotion, moistrize your skin,DailyUse,2015/2/9,N/A,OK,1972,1822,/Users/kkkevinxx/Downloads/Pictures/35.jpg,,,,43.315,-71.075
Chair,comfortable,Furniture,2014/5/8,N/A,OK,1462,1312,/Users/kkkevinxx/Downloads/Pictures/1.jpg,,,,43.337,-71.082
Bed,full size,Furniture,2015/1/22,N/A,OK,1025,875,/Users/kkkevinxx/Downloads/Pictures/3.jpg,,,,43.312,-71.083
Coat,stylish coat from China,Clothing,2014/2/13,N/A,OK,2176,2026,/Users/kkkevinxx/Downloads/Pictures/23.jpg,,,,43.334,-71.071
Coat,stylish coat from China,Clothing,2014/3/17,N/A,OK,1755,1605,/Users/kkkevinxx/Downloads/Pictures/9.jpg,,,,43.326,-71.068
iphone,nice phone,Electronics,2015/7/3,N/A,OK,1931,1781,/Users/kkkevinxx/Downloads/Pictures/34.jpg,,,,43.318,-71.061
Bed,full size,Furniture,2015/5/24,N/A,OK,866,716,/Users/kkkevinxx/Downloads/Pictures/23.jpg,,,,43.336,-71.066
Organizer,organize your home,Furniture,2015/1/10,N/A,OK,1272,1122,/Users/kkkevinxx/Downloads/Pictures/7.jpg,,,,43.329,-71.089
BMW vihicle,second hand,Traffic,2015/11/23,N/A,OK,504,354,/Users/kkkevinxx/Downloads/Pictures/16.jpg,,,,43.323,-71.088
Earphone,good sound,Electronics,2014/3/23,N/A,OK,469,319,/Users/kkkevinxx/Downloads/Pictures/11.jpg,,,,43.341,-71.093
Organizer,organize your home,Furniture,2014/8/3,N/A,OK,1731,1581,/Users/kkkevinxx/Downloads/Pictures/4.jpg,,,,43.336,-71.099
Organizer,organize your home,Furniture,2015/11/15,N/A,OK,785,635,/Users/kkkevinxx/Downloads/Pictures/20.jpg,,,,43.333,-71.08
iphone,nice phone,Electronics,2015/4/9,N/A,OK,229,79,/Users/kkkevinxx/Downloads/Pictures/38.jpg,,,,43.339,-71.062
Huawei phone,best phone,Electronics,2015/4/11,N/A,OK,1059,909,/Users/kkkevinxx/Downloads/Pictures/28.jpg,,,,43.331,-71.073
BMW vihicle,second hand,Traffic,2014/2/4,N/A,OK,530,380,/Users/kkkevinxx/Downloads/Pictures/6.jpg,,,,43.348,-71.06
Organizer,organize your home,Furniture,2014/4/26,N/A,OK,2058,1908,/Users/kkkevinxx/Downloads/Pictures/12.jpg,,,,43.347,-71.098
Organizer,organize your home,Furniture,2014/9/21,N/A,OK,1876,1726,/Users/kkkevinxx/Downloads/Pictures/26.jpg,,,,43.335,-71.088
Floor Lamp,good looking,Furniture,2014/11/19,N/A,OK,2121,1971,/Users/kkkevinxx/Downloads/Pictures/7.jpg,,,,43.334,-71.073
Noodles Sauce,Chinese flavor sauces,Food,2014/6/19,N/A,OK,611,461,/Users/kkkevinxx/Downloads/Pictures/16.jpg,,,,43.344,-71.067
Organizer,organize your home,Furniture,2014/3/22,N/A,OK,592,442,/Users/kkkevinxx/Downloads/Pictures/17.jpg,,,,43.313,-71.085
Organizer,organize your home,Furniture,2014/2/12,N/A,OK,708,558,/Users/kkkevinxx/Downloads/Pictures/6.jpg,,,,43.332,-71.063
Chair,comfortable,Furniture,2015/2/25,N/A,OK,484,334,/Users/kkkevinxx/Downloads/Pictures/7.jpg,,,,43.318,-71.072
Desk,full size,Furniture,2014/9/28,N/A,OK,1684,1534,/Users/kkkevinxx/Downloads/Pictures/33.jpg,,,,43.348,-71.063
Earphone,good sound,Electronics,2014/11/23,N/A,OK,691,541,/Users/kkkevinxx/Downloads/Pictures/8.jpg,,,,43.345,-71.088
Floor Lamp,good looking,Furniture,2015/8/10,N/A,OK,1752,1602,/Users/kkkevinxx/Downloads/Pictures/35.jpg,,,,43.332,-71.059
iphone,nice phone,Electronics,2014/8/24,N/A,OK,846,696,/Users/kkkevinxx/Downloads/Pictures/11.jpg,,,,43.314,-71.089
Chair,comfortable,Furniture,2015/11/6,N/A,OK,1579,1429,/Users/kkkevinxx/Downloads/Pictures/13.jpg,,,,43.349,-71.07
Bed,full size,Furniture,2015/6/21,N/A,OK,699,549,/Users/kkkevinxx/Downloads/Pictures/17.jpg,,,,43.314,-71.092
Bed,full size,Furniture,2014/4/12,N/A,OK,477,327,/Users/kkkevinxx/Downloads/Pictures/47.jpg,,,,43.311,-71.069
Frozen Dumplings,home flavor,Food,2014/1/2,N/A,OK,547,397,/Users/kkkevinxx/Downloads/Pictures/34.jpg,,,,43.335,-71.068
BMW vihicle,second hand,Traffic,2014/11/23,N/A,OK,272,122,/Users/kkkevinxx/Downloads/Pictures/28.jpg,,,,43.336,-71.064
Subway Card,semester card,Traffic,2014/7/25,N/A,OK,1877,1727,/Users/kkkevinxx/Downloads/Pictures/5.jpg,,,,43.316,-71.094
Desk,full size,Furniture,2015/2/24,N/A,OK,402,252,/Users/kkkevinxx/Downloads/Pictures/37.jpg,,,,43.348,-71.059
Noodles Sauce,Chinese flavor sauces,Food,2014/9/5,N/A,OK,1942,1792,/Users/kkkevinxx/Downloads/Pictures/5.jpg,,,,43.338,-71.092
BMW vihicle,second hand,Traffic,2014/3/25,N/A,OK,1113,963,/Users/kkkevinxx/Downloads/Pictures/50.jpg,,,,43.321,-71.068
iphone,nice phone,Electronics,2014/11/4,N/A,OK,474,324,/Users/kkkevinxx/Downloads/Pictures/4.jpg,,,,43.336,-71.082
Mattress,bouncy,Furniture,2014/3/27,N/A,OK,1796,1646,/Users/kkkevinxx/Downloads/Pictures/23.jpg,,,,43.314,-71.081
Bicycle,really smooth ride experience,Traffic,2014/11/16,N/A,OK,1185,1035,/Users/kkkevinxx/Downloads/Pictures/29.jpg,,,,43.334,-71.071
Bed,full size,Furniture,2015/8/1,N/A,OK,678,528,/Users/kkkevinxx/Downloads/Pictures/35.jpg,,,,43.349,-71.075
Subway Card,semester card,Traffic,2014/10/1,N/A,OK,1053,903,/Users/kkkevinxx/Downloads/Pictures/46.jpg,,,,43.327,-71.083
Frozen Dumplings,home flavor,Food,2015/9/19,N/A,OK,2168,2018,/Users/kkkevinxx/Downloads/Pictures/42.jpg,,,,43.31,-71.059
Bed,full size,Furniture,2014/2/9,N/A,OK,729,579,/Users/kkkevinxx/Downloads/Pictures/19.jpg,,,,43.324,-71.094
Chair,comfortable,Furniture,2014/4/26,N/A,OK,1180,1030,/Users/kkkevinxx/Downloads/Pictures/45.jpg,,,,43.33,-71.091
Organizer,organize your home,Furniture,2014/5/2,N/A,OK,1614,1464,/Users/kkkevinxx/Downloads/Pictures/20.jpg,,,,43.335,-71.096
Bed,full size,Furniture,2014/11/19,N/A,OK,1708,1558,/Users/kkkevinxx/Downloads/Pictures/15.jpg,,,,43.321,-71.092
Subway Card,semester card,Traffic,2014/2/20,N/A,OK,1349,1199,/Users/kkkevinxx/Downloads/Pictures/46.jpg,,,,43.342,-71.059
BMW vihicle,second hand,Traffic,2014/6/12,N/A,OK,1864,1714,/Users/kkkevinxx/Downloads/Pictures/50.jpg,,,,43.315,-71.081
Bed,full size,Furniture,2014/6/14,N/A,OK,1590,1440,/Users/kkkevinxx/Downloads/Pictures/29.jpg,,,,43.316,-71.069
Leggings,makes your leg looks ever slimmer,Clothing,2014/6/14,N/A,OK,1368,1218,/Users/kkkevinxx/Downloads/Pictures/15.jpg,,,,43.345,-71.068
Humidifier,work well,Electronics,2014/11/25,N/A,OK,1982,1832,/Users/kkkevinxx/Downloads/Pictures/45.jpg,,,,43.339,-71.075
Bicycle,really smooth ride experience,Traffic,2015/1/20,N/A,OK,325,175,/Users/kkkevinxx/Downloads/Pictures/30.jpg,,,,43.333,-71.094
Organizer,organize your home,Furniture,2014/10/26,N/A,OK,244,94,/Users/kkkevinxx/Downloads/Pictures/49.jpg,,,,43.346,-71.075
Organizer,organize your home,Furniture,2014/9/10,N/A,OK,1768,1618,/Users/kkkevinxx/Downloads/Pictures/2.jpg,,,,43.322,-71.086
Bed,full size,Furniture,2014/1/9,N/A,OK,208,58,/Users/kkkevinxx/Downloads/Pictures/16.jpg,,,,43.326,-71.077
Earphone,good sound,Electronics,2014/7/25,N/A,OK,1163,1013,/Users/kkkevinxx/Downloads/Pictures/36.jpg,,,,43.333,-71.071
BMW vihicle,second hand,Traffic,2014/11/21,N/A,OK,1543,1393,/Users/kkkevinxx/Downloads/Pictures/47.jpg,,,,43.343,-71.079
Coat,stylish coat from China,Clothing,2014/1/27,N/A,OK,1593,1443,/Users/kkkevinxx/Downloads/Pictures/49.jpg,,,,43.322,-71.075
Floor Lamp,good looking,Furniture,2015/2/16,N/A,OK,655,505,/Users/kkkevinxx/Downloads/Pictures/46.jpg,,,,43.324,-71.078
Coat,stylish coat from China,Clothing,2014/5/15,N/A,OK,1924,1774,/Users/kkkevinxx/Downloads/Pictures/6.jpg,,,,43.31,-71.082
Organizer,organize your home,Furniture,2015/4/18,N/A,OK,2059,1909,/Users/kkkevinxx/Downloads/Pictures/41.jpg,,,,43.313,-71.097
Desk,full size,Furniture,2014/7/21,N/A,OK,674,524,/Users/kkkevinxx/Downloads/Pictures/6.jpg,,,,43.337,-71.081
Huawei phone,best phone,Electronics,2014/11/27,N/A,OK,1148,998,/Users/kkkevinxx/Downloads/Pictures/34.jpg,,,,43.338,-71.085
Scarf,warm you in the cold night,Clothing,2014/5/15,N/A,OK,738,588,/Users/kkkevinxx/Downloads/Pictures/33.jpg,,,,43.327,-71.066
Frozen Dumplings,home flavor,Food,2014/8/10,N/A,OK,936,786,/Users/kkkevinxx/Downloads/Pictures/20.jpg,,,,43.325,-71.059
Floor Lamp,good looking,Furniture,2014/1/17,N/A,OK,1427,1277,/Users/kkkevinxx/Downloads/Pictures/2.jpg,,,,43.326,-71.072
Desk,full size,Furniture,2015/8/15,N/A,OK,897,747,/Users/kkkevinxx/Downloads/Pictures/44.jpg,,,,43.33,-71.066
Chair,comfortable,Furniture,2014/11/17,N/A,OK,600,450,/Users/kkkevinxx/Downloads/Pictures/47.jpg,,,,43.314,-71.097
Bed,full size,Furniture,2014/9/21,N/A,OK,1506,1356,/Users/kkkevinxx/Downloads/Pictures/41.jpg,,,,43.33,-71.095
Chair,comfortable,Furniture,2015/2/9,N/A,OK,825,675,/Users/kkkevinxx/Downloads/Pictures/49.jpg,,,,43.348,-71.062
Floor Lamp,good looking,Furniture,2014/3/9,N/A,OK,1545,1395,/Users/kkkevinxx/Downloads/Pictures/36.jpg,,,,43.323,-71.069
Desk,full size,Furniture,2015/7/10,N/A,OK,1709,1559,/Users/kkkevinxx/Downloads/Pictures/36.jpg,,,,43.346,-71.076
Bed,full size,Furniture,2015/4/19,N/A,OK,583,433,/Users/kkkevinxx/Downloads/Pictures/5.jpg,,,,43.314,-71.072
Desk,full size,Furniture,2014/10/8,N/A,OK,1588,1438,/Users/kkkevinxx/Downloads/Pictures/28.jpg,,,,43.316,-71.088
iphone,nice phone,Electronics,2014/10/21,N/A,OK,352,202,/Users/kkkevinxx/Downloads/Pictures/44.jpg,,,,43.329,-71.093