iphone,nice phone,Electronics,2015/1/14,2015/2/12,Sold,1613,1463,43.315,-71.085
Humidifier,work well,Electronics,2014/10/12,2014/10/28,Sold,1047,897,43.322,-71.09
iphone,nice phone,Electronics,2015/8/15,2015/9/6,Sold,576,426,43.333,-71.059
Organizer,organize your home,Furniture,2014/10/20,2014/10/21,Sold,756,606,43.314,-71.077
Facial cleaser,give you nice touch skin,DailyUse,2015/3/13,2015/4/6,Sold,404,254,43.337,-71.074
Humidifier,work well,Electronics,2014/10/19,2014/10/20,Sold,394,244,43.315,-71.062
Noodles Sauce,Chinese flavor sauces,Food,2015/4/9,2015/4/17,Sold,1458,1308,43.315,-71.095
Floor Lamp,good looking,Furniture,2015/7/25,2015/8/17,Sold,1099,949,43.344,-71.073
Facial Lotion, moistrize your skin,DailyUse,2014/4/17,2014/4/29,Sold,1290,1140,43.326,-71.083
Mattress,bouncy,Furniture,2015/6/25,2015/7/9,Sold,1481,1331,43.314,-71.083
Chair,comfortable,Furniture,2014/7/26,2014/8/18,Sold,986,836,43.337,-71.089
Chair,comfortable,Furniture,2014/6/24,2014/7/9,Sold,969,819,43.343,-71.074
Frozen Dumplings,home flavor,Food,2014/9/19,2014/9/25,Sold,1273,1123,43.341,-71.093
Leggings,makes your leg looks ever slimmer,Clothing,2014/6/19,2014/6/28,Sold,1920,1770,43.335,-71.092
Bed,full size,Furniture,2014/1/22,2014/2/19,Sold,1173,1023,43.33,-71.095
Floor Lamp,good looking,Furniture,2014/10/16,2014/10/20,Sold,462,312,43.32,-71.083
Organizer,organize your home,Furniture,2014/9/21,2014/9/28,Sold,810,660,43.346,-71.094
Mattress,bouncy,Furniture,2015/1/14,2015/1/23,Sold,1743,1593,43.341,-71.08
Coat,stylish coat from China,Clothing,2014/8/19,2014/8/24,Sold,1128,978,43.318,-71.06
Earphone,good sound,Electronics,2015/9/9,2015/9/13,Sold,854,704,43.345,-71.064
Organizer,organize your home,Furniture,2014/5/14,2014/6/10,Sold,1543,1393,43.317,-71.067
Coat,stylish coat from China,Clothing,2015/5/22,2015/6/16,Sold,1991,1841,43.322,-71.093
iphone,nice phone,Electronics,2014/2/28,2014/3/30,Sold,1238,1088,43.349,-71.079
Scarf,warm you in the cold night,Clothing,2015/6/6,2015/6/20,Sold,1771,1621,43.328,-71.06
Coat,stylish coat from China,Clothing,2015/8/3,2015/8/26,Sold,1488,1338,43.346,-71.092
Bed,full size,Furniture,2014/7/26,2014/8/20,Sold,2116,1966,43.347,-71.083
Bed,full size,Furniture,2015/11/6,2015/11/12,Sold,2068,1918,43.311,-71.087
Coat,stylish coat from China,Clothing,2015/4/1,2015/4/30,Sold,333,183,43.338,-71.078
Huawei phone,best phone,Electronics,2014/8/4,2014/8/7,Sold,1558,1408,43.31,-71.093
Huawei phone,best phone,Electronics,2014/1/29,2014/2/17,Sold,798,648,43.34,-71.089
Scarf,warm you in the cold night,Clothing,2014/4/16,2014/4/30,Sold,1613,1463,43.335,-71.064
Earphone,good sound,Electronics,2014/3/7,2014/3/10,Sold,1437,1287,43.329,-71.074
Floor Lamp,good looking,Furniture,2014/3/24,2014/4/7,Sold,545,395,43.325,-71.077
Organizer,organize your home,Furniture,2014/10/18,2014/11/12,Sold,1856,1706,43.314,-71.082
Organizer,organize your home,Furniture,2014/5/21,2014/6/6,Sold,316,166,43.332,-71.068
Chair,comfortable,Furniture,2015/1/28,2015/2/15,Sold,1111,961,43.348,-71.098
Mattress,bouncy,Furniture,2014/1/18,2014/2/1,Sold,1786,1636,43.332,-71.062
Organizer,organize your home,Furniture,2014/9/23,2014/10/12,Sold,1585,1435,43.322,-71.089
Floor Lamp,good looking,Furniture,2014/3/7,2014/3/25,Sold,1856,1706,43.341,-71.086
Coat,stylish coat from China,Clothing,2014/2/14,2014/3/13,Sold,2086,1936,43.347,-71.063
Scarf,warm you in the cold night,Clothing,2015/5/3,2015/6/1,Sold,304,154,43.324,-71.093
Floor Lamp,good looking,Furniture,2015/6/18,2015/7/15,Sold,712,562,43.349,-71.089
Huawei phone,best phone,Electronics,2014/11/26,2014/12/6,Sold,330,180,43.325,-71.097
Facial cleaser,give you nice touch skin,DailyUse,2015/10/8,2015/11/7,Sold,574,424,43.336,-71.076
Earphone,good sound,Electronics,2014/9/11,2014/9/28,Sold,368,218,43.342,-71.089
Organizer,organize your home,Furniture,2014/10/9,2014/10/13,Sold,1392,1242,43.315,-71.085
Coat,stylish coat from China,Clothing,2014/4/28,2014/5/2,Sold,1810,1660,43.332,-71.062
Floor Lamp,good looking,Furniture,2015/6/1,2015/6/5,Sold,451,301,43.324,-71.092
Humidifier,work well,Electronics,2014/6/7,2014/6/12,Sold,1542,1392,43.312,-71.065
Desk,full size,Furniture,2015/8/16,2015/8/17,Sold,1360,1210,43.316,-71.078
Humidifier,work well,Electronics,2015/3/29,2015/4/4,Sold,2024,1874,43.345,-71.066
Bed,full size,Furniture,2015/10/29,2015/11/11,Sold,366,216,43.319,-71.062
Frozen Dumplings,home flavor,Food,2014/6/23,2014/6/30,Sold,332,182,43.33,-71.067
Humidifier,work well,Electronics,2015/10/21,2015/11/20,Sold,1600,1450,43.341,-71.07
Desk,full size,Furniture,2015/2/1,2015/2/25,Sold,1152,1002,43.328,-71.083
Facial Lotion, moistrize your skin,DailyUse,2014/10/7,2014/10/15,Sold,200,50,43.337,-71.071
BMW vihicle,second hand,Traffic,2015/7/5,2015/7/25,Sold,1458,1308,43.317,-71.084
Bicycle,really smooth ride experience,Traffic,2014/8/5,2014/8/22,Sold,1785,1635,43.331,-71.087
Desk,full size,Furniture,2014/3/22,2014/4/2,Sold,671,521,43.312,-71.082
Facial Lotion, moistrize your skin,DailyUse,2015/10/10,2015/10/22,Sold,2174,2024,43.322,-71.092
Organizer,organize your home,Furniture,2015/11/27,2015/12/6,Sold,1274,1124,43.345,-71.088
Facial Lotion, moistrize your skin,DailyUse,2015/1/6,2015/1/10,Sold,1314,1164,43.323,-71.081
Floor Lamp,good looking,Furniture,2015/1/20,2015/2/1,Sold,1441,1291,43.334,-71.062
Coat,stylish coat from China,Clothing,2015/6/21,2015/6/29,Sold,1955,1805,43.349,-71.068
Chair,comfortable,Furniture,2015/11/17,2015/12/3,Sold,939,789,43.348,-71.081
Humidifier,work well,Electronics,2015/10/13,2015/10/30,Sold,1188,1038,43.333,-71.09
Floor Lamp,good looking,Furniture,2015/3/7,2015/4/3,Sold,443,293,43.313,-71.096
Frozen Dumplings,home flavor,Food,2015/3/5,2015/3/27,Sold,968,818,43.312,-71.078
Bed,full size,Furniture,2015/9/7,2015/9/29,Sold,1208,1058,43.342,-71.063
Organizer,organize your home,Furniture,2015/11/6,2015/11/15,Sold,1488,1338,43.324,-71.096
Facial cleaser,give you nice touch skin,DailyUse,2015/11/12,2015/11/28,Sold,542,392,43.328,-71.076
Desk,full size,Furniture,2015/4/13,2015/4/15,Sold,1332,1182,43.342,-71.06
Huawei phone,best phone,Electronics,2014/11/15,2014/12/10,Sold,2018,1868,43.328,-71.064
Frozen Dumplings,home flavor,Food,2015/7/24,2015/8/18,Sold,1601,1451,43.312,-71.092
Coat,stylish coat from China,Clothing,2015/4/26,2015/4/29,Sold,888,738,43.333,-71.064
Organizer,organize your home,Furniture,2014/4/20,2014/4/26,Sold,944,794,43.338,-71.072
Subway Card,semester card,Traffic,2014/9/8,2014/9/10,Sold,311,161,43.31,-71.085
Bed,full size,Furniture,2014/4/1,2014/4/28,Sold,677,527,43.342,-71.083
Leggings,makes your leg looks ever slimmer,Clothing,2015/4/1,2015/4/2,Sold,771,621,43.32,-71.098
Scarf,warm you in the cold night,Clothing,2015/9/21,2015/10/14,Sold,725,575,43.343,-71.075
Bed,full size,Furniture,2015/8/13,2015/9/9,Sold,667,517,43.337,-71.079
Chair,comfortable,Furniture,2015/8/15,2015/9/5,Sold,555,405,43.316,-71.082
Facial cleaser,give you nice touch skin,DailyUse,2015/8/20,2015/8/24,Sold,1073,923,43.325,-71.083
Organizer,organize your home,Furniture,2015/8/20,2015/9/18,Sold,1537,1387,43.328,-71.087
Floor Lamp,good looking,Furniture,2014/7/9,2014/8/2,Sold,451,301,43.319,-71.081
Subway Card,semester card,Traffic,2014/9/9,2014/10/1,Sold,1634,1484,43.337,-71.098
Humidifier,work well,Electronics,2015/4/16,2015/5/3,Sold,701,551,43.342,-71.094
Subway Card,semester card,Traffic,2014/5/26,2014/5/31,Sold,282,132,43.326,-71.09
Huawei phone,best phone,Electronics,2015/8/24,2015/8/31,Sold,1031,881,43.312,-71.085
Coat,stylish coat from China,Clothing,2015/3/28,2015/3/30,Sold,1404,1254,43.33,-71.069
iphone,nice phone,Electronics,2014/10/29,2014/10/31,Sold,1458,1308,43.317,-71.093
Bed,full size,Furniture,2014/6/20,2014/7/13,Sold,560,410,43.336,-71.089
Huawei phone,best phone,Electronics,2015/1/8,2015/1/12,Sold,1623,1473,43.324,-71.089
Humidifier,work well,Electronics,2015/5/24,2015/6/9,Sold,2100,1950,43.344,-71.059
Leggings,makes your leg looks ever slimmer,Clothing,2014/4/24,2014/4/26,Sold,739,589,43.343,-71.085
Organizer,organize your home,Furniture,2014/3/2,2014/3/31,Sold,245,95,43.321,-71.059
Bed,full size,Furniture,2014/7/6,2014/7/7,Sold,2116,1966,43.329,-71.062
Organizer,organize your home,Furniture,2015/1/15,2015/2/5,Sold,1143,993,43.343,-71.082
Mattress,bouncy,Furniture,2014/4/14,2014/4/24,Sold,414,264,43.336,-71.078
Subway Card,semester card,Traffic,2014/10/11,2014/11/9,Sold,1315,1165,43.337,-71.087
Organizer,organize your home,Furniture,2015/1/23,2015/2/22,Sold,1303,1153,43.349,-71.065
Subway Card,semester card,Traffic,2014/11/29,2014/12/27,Sold,905,755,43.321,-71.073
Organizer,organize your home,Furniture,2014/9/29,2014/10/28,Sold,921,771,43.319,-71.081
Bed,full size,Furniture,2014/4/7,2014/4/11,Sold,1683,1533,43.345,-71.097
Desk,full size,Furniture,2015/9/15,2015/10/12,Sold,919,769,43.311,-71.08
Huawei phone,best phone,Electronics,2014/9/2,2014/9/26,Sold,1609,1459,43.312,-71.067
BMW vihicle,second hand,Traffic,2015/4/2,2015/4/4,Sold,1591,1441,43.34,-71.089
Humidifier,work well,Electronics,2014/3/20,2014/3/23,Sold,1169,1019,43.334,-71.069
iphone,nice phone,Electronics,2015/5/11,2015/5/26,Sold,804,654,43.339,-71.092
Organizer,organize your home,Furniture,2015/10/20,2015/11/4,Sold,524,374,43.343,-71.097
Coat,stylish coat from China,Clothing,2014/1/8,2014/1/18,Sold,1544,1394,43.325,-71.067
Coat,stylish coat from China,Clothing,2014/6/4,2014/6/5,Sold,759,609,43.332,-71.084
Desk,full size,Furniture,2014/3/16,2014/3/23,Sold,1095,945,43.311,-71.086
Huawei phone,best phone,Electronics,2014/4/15,2014/5/14,Sold,1074,924,43.314,-71.095
Floor Lamp,good looking,Furniture,2015/2/14,2015/3/2,Sold,2049,1899,43.321,-71.064
Huawei phone,best phone,Electronics,2014/2/26,2014/3/4,Sold,544,394,43.309,-71.077
Mattress,bouncy,Furniture,2015/5/20,2015/6/2,Sold,2154,2004,43.309,-71.073
Scarf,warm you in the cold night,Clothing,2014/2/6,2014/2/21,Sold,1016,866,43.326,-71.098
Bed,full size,Furniture,2015/9/16,2015/10/5,Sold,1502,1352,43.326,-71.086
Bed,full size,Furniture,2014/9/17,2014/9/18,Sold,1088,938,43.341,-71.06
iphone,nice phone,Electronics,2015/1/18,2015/2/4,Sold,1776,1626,43.337,-71.061
Desk,full size,Furniture,2015/10/24,2015/11/3,Sold,329,179,43.324,-71.075
Earphone,good sound,Electronics,2014/4/15,2014/5/3,Sold,1123,973,43.319,-71.066
Facial cleaser,give you nice touch skin,DailyUse,2015/4/29,2015/5/3,Sold,785,635,43.316,-71.072
Bicycle,really smooth ride experience,Traffic,2014/2/9,2014/3/7,Sold,424,274,43.32,-71.086
Desk,full size,Furniture,2014/9/7,2014/9/8,Sold,1942,1792,43.311,-71.059
Bed,full size,Furniture,2014/9/7,2014/9/28,Sold,813,663,43.314,-71.099
Coat,stylish coat from China,Clothing,2015/8/1,2015/8/12,Sold,1609,1459,43.311,-71.081
Bed,full size,Furniture,2014/4/11,2014/5/7,Sold,1966,1816,43.333,-71.089
Desk,full size,Furniture,2015/6/5,2015/6/23,Sold,1297,1147,43.309,-71.082
BMW vihicle,second hand,Traffic,2015/3/15,2015/3/17,Sold,322,172,43.342,-71.06
Desk,full size,Furniture,2015/2/27,2015/3/2,Sold,579,429,43.339,-71.098
Noodles Sauce,Chinese flavor sauces,Food,2015/8/16,2015/8/30,Sold,1538,1388,43.309,-71.076
Organizer,organize your home,Furniture,2014/7/7,2014/7/14,Sold,957,807,43.31,-71.064
Desk,full size,Furniture,2015/6/16,2015/7/7,Sold,334,184,43.344,-71.078
Bed,full size,Furniture,2014/8/13,2014/8/23,Sold,1017,867,43.324,-71.085
Subway Card,semester card,Traffic,2015/9/23,2015/9/24,Sold,1493,1343,43.342,-71.073
Coat,stylish coat from China,Clothing,2015/7/7,2015/7/22,Sold,204,54,43.346,-71.068
Organizer,organize your home,Furniture,2015/4/3,2015/4/15,Sold,533,383,43.32,-71.094
Organizer,organize your home,Furniture,2015/8/8,2015/8/20,Sold,851,701,43.342,-71.061
Frozen Dumplings,home flavor,Food,2014/1/26,2014/2/10,Sold,732,582,43.33,-71.061
Coat,stylish coat from China,Clothing,2014/11/23,2014/11/30,Sold,632,482,43.332,-71.075
Scarf,warm you in the cold night,Clothing,2015/2/8,2015/2/16,Sold,978,828,43.343,-71.071
Floor Lamp,good looking,Furniture,2014/2/4,2014/3/6,Sold,1573,1423,43.315,-71.077
Coat,stylish coat from China,Clothing,2014/11/1,2014/11/29,Sold,994,844,43.311,-71.082
Leggings,makes your leg looks ever slimmer,Clothing,2014/6/28,2014/7/23,Sold,1289,1139,43.329,-71.077
Organizer,organize your home,Furniture,2015/7/20,2015/8/8,Sold,2061,1911,43.345,-71.086
Desk,full size,Furniture,2015/11/26,2015/11/29,Sold,916,766,43.334,-71.062
Facial cleaser,give you nice touch skin,DailyUse,2015/1/10,2015/2/6,Sold,2053,1903,43.331,-71.063
Subway Card,semester card,Traffic,2014/10/4,2014/10/29,Sold,728,578,43.325,-71.06
Organizer,organize your home,Furniture,2015/5/29,2015/6/28,Sold,1019,869,43.329,-71.076
Mattress,bouncy,Furniture,2015/10/3,2015/10/4,Sold,1452,1302,43.32,-71.089
Bed,full size,Furniture,2014/10/8,2014/10/28,Sold,1722,1572,43.325,-71.07
Bed,full size,Furniture,2014/5/2,2014/5/26,Sold,1331,1181,43.318,-71.098
Subway Card,semester card,Traffic,2014/9/5,2014/10/3,Sold,2070,1920,43.344,-71.062
Frozen Dumplings,home flavor,Food,2015/7/19,2015/7/24,Sold,1951,1801,43.338,-71.09
Bed,full size,Furniture,2014/4/1,2014/4/27,Sold,927,777,43.342,-71.073
Subway Card,semester card,Traffic,2014/7/28,2014/8/1,Sold,818,668,43.338,-71.085
Leggings,makes your leg looks ever slimmer,Clothing,2014/9/6,2014/10/3,Sold,1293,1143,43.324,-71.098
Organizer,organize your home,Furniture,2015/3/17,2015/3/18,Sold,1429,1279,43.327,-71.065
Organizer,organize your home,Furniture,2014/4/1,2014/4/25,Sold,1438,1288,43.331,-71.088
Mattress,bouncy,Furniture,2014/3/8,2014/4/3,Sold,2045,1895,43.323,-71.094
Frozen Dumplings,home flavor,Food,2015/10/7,2015/10/27,Sold,2024,1874,43.321,-71.099
Floor Lamp,good looking,Furniture,2015/4/10,2015/4/14,Sold,596,446,43.323,-71.063
Coat,stylish coat from China,Clothing,2015/9/24,2015/9/28,Sold,2091,1941,43.313,-71.063
Leggings,makes your leg looks ever slimmer,Clothing,2014/3/28,2014/4/19,Sold,1744,1594,43.345,-71.089
Organizer,organize your home,Furniture,2014/10/11,2014/10/26,Sold,960,810,43.329,-71.092
Coat,stylish coat from China,Clothing,2014/9/29,2014/10/24,Sold,1482,1332,43.326,-71.074
Humidifier,work well,Electronics,2015/8/28,2015/9/11,Sold,1463,1313,43.323,-71.081
Facial Lotion, moistrize your skin,DailyUse,2014/4/25,2014/5/15,Sold,452,302,43.349,-71.066
Coat,stylish coat from China,Clothing,2014/9/26,2014/10/10,Sold,2151,2001,43.347,-71.099
Desk,full size,Furniture,2014/11/26,2014/12/10,Sold,1047,897,43.33,-71.084
Floor Lamp,good looking,Furniture,2014/9/10,2014/9/28,Sold,2083,1933,43.316,-71.078
Coat,stylish coat from China,Clothing,2015/6/20,2015/6/25,Sold,381,231,43.34,-71.098
Floor Lamp,good looking,Furniture,2014/6/26,2014/7/25,Sold,310,160,43.324,-71.082
Facial Lotion, moistrize your skin,DailyUse,2014/8/17,2014/8/27,Sold,841,691,43.312,-71.07
Floor Lamp,good looking,Furniture,2014/6/3,2014/6/24,Sold,2108,1958,43.331,-71.086
Organizer,organize your home,Furniture,2015/7/16,2015/8/12,Sold,1120,970,43.322,-71.072
Subway Card,semester card,Traffic,2014/6/18,2014/6/23,Sold,1314,1164,43.343,-71.065
Mattress,bouncy,Furniture,2014/5/25,2014/6/18,Sold,1680,1530,43.322,-71.085
Organizer,organize your home,Furniture,2014/6/5,2014/6/10,Sold,2057,1907,43.34,-71.06
Coat,stylish coat from China,Clothing,2014/11/26,2014/12/26,Sold,1529,1379,43.331,-71.098
Noodles Sauce,Chinese flavor sauces,Food,2014/1/21,2014/2/12,Sold,1456,1306,43.316,-71.061
Facial Lotion, moistrize your skin,DailyUse,2014/9/1,2014/9/2,Sold,248,98,43.336,-71.093
Organizer,organize your home,Furniture,2014/10/3,2014/11/2,Sold,753,603,43.31,-71.091
Floor Lamp,good looking,Furniture,2014/6/19,2014/7/3,Sold,1111,961,43.312,-71.089
Mattress,bouncy,Furniture,2015/8/12,2015/8/21,Sold,2182,2032,43.335,-71.074
Earphone,good sound,Electronics,2015/9/14,2015/9/24,Sold,649,499,43.323,-71.096
Frozen Dumplings,home flavor,Food,2014/4/25,2014/5/19,Sold,1104,954,43.318,-71.086
Bicycle,really smooth ride experience,Traffic,2014/9/1,2014/9/29,Sold,684,534,43.312,-71.059
Bed,full size,Furniture,2015/4/23,2015/4/28,Sold,1078,928,43.33,-71.084
Bed,full size,Furniture,2014/3/11,2014/3/28,Sold,382,232,43.337,-71.081
Bed,full size,Furniture,2014/9/17,2014/10/8,Sold,910,760,43.322,-71.063
Frozen Dumplings,home flavor,Food,2015/10/29,2015/11/10,Sold,200,50,43.321,-71.064
Bed,full size,Furniture,2014/10/2,2014/10/19,Sold,944,794,43.349,-71.082
Mattress,bouncy,Furniture,2015/2/27,2015/3/25,Sold,1648,1498,43.327,-71.071
Chair,comfortable,Furniture,2014/3/26,2014/4/3,Sold,1504,1354,43.332,-71.082
Humidifier,work well,Electronics,2015/8/13,2015/8/14,Sold,1457,1307,43.346,-71.097
Floor Lamp,good looking,Furniture,2014/5/4,2014/5/23,Sold,1033,883,43.334,-71.062
Mattress,bouncy,Furniture,2014/2/27,2014/2/28,Sold,1764,1614,43.316,-71.07
Humidifier,work well,Electronics,2014/5/12,2014/5/28,Sold,883,733,43.333,-71.062
Organizer,organize your home,Furniture,2014/9/26,2014/10/16,Sold,778,628,43.309,-71.092
Facial cleaser,give you nice touch skin,DailyUse,2014/7/23,2014/8/16,Sold,1330,1180,43.316,-71.08
Leggings,makes your leg looks ever slimmer,Clothing,2014/6/13,2014/7/11,Sold,278,128,43.309,-71.073
Hair dryer,fast dry experience,Electronics,2014/9/24,2014/10/9,Sold,844,694,43.318,-71.088
BMW vihicle,second hand,Traffic,2014/9/7,2014/9/8,Sold,541,391,43.322,-71.066
Mattress,bouncy,Furniture,2014/2/15,2014/3/2,Sold,1226,1076,43.323,-71.069
Floor Lamp,good looking,Furniture,2014/1/4,2014/2/1,Sold,1407,1257,43.341,-71.098
Bicycle,really smooth ride experience,Traffic,2014/2/23,2014/3/14,Sold,1926,1776,43.332,-71.07
Coat,stylish coat from China,Clothing,2014/7/21,2014/7/31,Sold,1767,1617,43.32,-71.071
Desk,full size,Furniture,2014/9/15,2014/10/7,Sold,443,293,43.34,-71.065
Facial Lotion, moistrize your skin,DailyUse,2015/11/1,2015/11/2,Sold,369,219,43.347,-71.092
Desk,full size,Furniture,2014/6/27,2014/7/6,Sold,1805,1655,43.337,-71.064
Humidifier,work well,Electronics,2015/10/15,2015/11/2,Sold,295,145,43.323,-71.092
Floor Lamp,good looking,Furniture,2015/10/7,2015/10/18,Sold,1193,1043,43.31,-71.089
Mattress,bouncy,Furniture,2014/10/7,2014/11/3,Sold,1423,1273,43.347,-71.067
Facial cleaser,give you nice touch skin,DailyUse,2014/9/26,2014/10/20,Sold,845,695,43.338,-71.077
Bed,full size,Furniture,2015/2/5,2015/2/24,Sold,864,714,43.34,-71.064
Floor Lamp,good looking,Furniture,2015/9/23,2015/10/7,Sold,302,152,43.325,-71.085
Humidifier,work well,Electronics,2014/4/18,2014/5/3,Sold,1174,1024,43.327,-71.081
Desk,full size,Furniture,2015/8/3,2015/8/10,Sold,2102,1952,43.316,-71.077
Subway Card,semester card,Traffic,2014/11/18,2014/12/10,Sold,1062,912,43.313,-71.064
Subway Card,semester card,Traffic,2015/9/3,2015/9/28,Sold,858,708,43.32,-71.089
Organizer,organize your home,Furniture,2014/1/8,2014/1/15,Sold,638,488,43.348,-71.062
Frozen Dumplings,home flavor,Food,2015/1/4,2015/1/19,Sold,470,320,43.334,-71.066
Bed,full size,Furniture,2015/5/15,2015/6/13,Sold,1049,899,43.342,-71.082
Organizer,organize your home,Furniture,2015/8/8,2015/9/4,Sold,707,557,43.319,-71.094
Floor Lamp,good looking,Furniture,2015/5/26,2015/6/16,Sold,1496,1346,43.339,-71.095
Coat,stylish coat from China,Clothing,2015/9/14,2015/9/27,Sold,1745,1595,43.328,-71.076
Floor Lamp,good looking,Furniture,2015/8/5,2015/9/4,Sold,1754,1604,43.325,-71.093
Bed,full size,Furniture,2015/5/23,2015/6/11,Sold,980,830,43.32,-71.07
Organizer,organize your home,Furniture,2014/3/18,2014/3/30,Sold,629,479,43.318,-71.095
Chair,comfortable,Furniture,2014/1/21,2014/2/9,Sold,374,224,43.33,-71.077
Subway Card,semester card,Traffic,2014/3/14,2014/3/30,Sold,1237,1087,43.31,-71.059
Desk,full size,Furniture,2014/6/2,2014/6/28,Sold,263,113,43.321,-71.075
Noodles Sauce,Chinese flavor sauces,Food,2015/2/23,2015/2/28,Sold,2071,1921,43.314,-71.062
Chair,comfortable,Furniture,2015/8/10,2015/8/20,Sold,932,782,43.338,-71.096
Coat,stylish coat from China,Clothing,2014/6/14,2014/6/16,Sold,878,728,43.325,-71.064
Bed,full size,Furniture,2014/5/6,2014/5/24,Sold,1872,1722,43.317,-71.083
Frozen Dumplings,home flavor,Food,2014/1/13,2014/1/23,Sold,513,363,43.32,-71.084
Coat,stylish coat from China,Clothing,2014/10/5,2014/10/20,Sold,1346,1196,43.337,-71.089
Subway Card,semester card,Traffic,2014/7/10,2014/7/26,Sold,1348,1198,43.329,-71.09
Mattress,bouncy,Furniture,2015/2/1,2015/2/14,Sold,495,345,43.325,-71.06
iphone,nice phone,Electronics,2014/4/29,2014/5/25,Sold,293,143,43.345,-71.066
Bicycle,really smooth ride experience,Traffic,2014/3/18,2014/3/25,Sold,436,286,43.336,-71.064
Organizer,organize your home,Furniture,2015/7/16,2015/8/1,Sold,536,386,43.317,-71.065
Desk,full size,Furniture,2014/7/17,2014/8/1,Sold,1706,1556,43.319,-71.073
Desk,full size,Furniture,2015/1/5,2015/1/17,Sold,1201,1051,43.335,-71.084
Frozen Dumplings,home flavor,Food,2014/8/19,2014/8/22,Sold,2182,2032,43.345,-71.065
Bicycle,really smooth ride experience,Traffic,2015/10/19,2015/11/2,Sold,1141,991,43.339,-71.075
Mattress,bouncy,Furniture,2014/6/3,2014/6/24,Sold,1323,1173,43.314,-71.08
BMW vihicle,second hand,Traffic,2015/4/24,2015/5/8,Sold,2059,1909,43.311,-71.064
Earphone,good sound,Electronics,2015/8/14,2015/8/17,Sold,1114,964,43.335,-71.074
Floor Lamp,good looking,Furniture,2014/1/16,2014/2/11,Sold,1198,1048,43.322,-71.085
Subway Card,semester card,Traffic,2015/11/21,2015/11/25,Sold,1343,1193,43.318,-71.091
Frozen Dumplings,home flavor,Food,2014/6/29,2014/7/26,Sold,1774,1624,43.341,-71.083
Chair,comfortable,Furniture,2014/3/12,2014/3/16,Sold,1081,931,43.324,-71.066
Desk,full size,Furniture,2014/9/1,2014/9/21,Sold,1518,1368,43.345,-71.087
Facial cleaser,give you nice touch skin,DailyUse,2014/2/13,2014/3/5,Sold,455,305,43.342,-71.081
BMW vihicle,second hand,Traffic,2014/2/15,2014/2/28,Sold,1462,1312,43.328,-71.075
Earphone,good sound,Electronics,2014/10/13,2014/11/7,Sold,2049,1899,43.318,-71.07
Desk,full size,Furniture,2015/9/1,2015/9/28,Sold,2027,1877,43.346,-71.086
Bed,full size,Furniture,2014/3/6,2014/3/9,Sold,2161,2011,43.348,-71.069
Frozen Dumplings,home flavor,Food,2014/7/28,2014/8/25,Sold,567,417,43.347,-71.09
Bed,full size,Furniture,2015/6/5,2015/6/20,Sold,826,676,43.346,-71.064
iphone,nice phone,Electronics,2014/5/21,2014/5/27,Sold,1954,1804,43.342,-71.071
Frozen Dumplings,home flavor,Food,2015/10/18,2015/11/16,Sold,2165,2015,43.31,-71.099
Earphone,good sound,Electronics,2015/4/7,2015/4/14,Sold,1623,1473,43.347,-71.073
Humidifier,work well,Electronics,2015/3/19,2015/4/5,Sold,1495,1345,43.321,-71.062
Leggings,makes your leg looks ever slimmer,Clothing,2015/10/10,2015/10/16,Sold,1062,912,43.339,-71.068
Floor Lamp,good looking,Furniture,2014/4/29,2014/5/11,Sold,1487,1337,43.338,-71.093
Bed,full size,Furniture,2015/5/16,2015/6/7,Sold,1587,1437,43.311,-71.06
Chair,comfortable,Furniture,2014/5/9,2014/6/6,Sold,1719,1569,43.316,-71.09
Bed,full size,Furniture,2014/8/2,2014/8/12,Sold,763,613,43.313,-71.068
Huawei phone,best phone,Electronics,2015/2/2,2015/2/14,Sold,1990,1840,43.328,-71.083
Facial Lotion, moistrize your skin,DailyUse,2014/11/14,2014/11/27,Sold,1585,1435,43.337,-71.085
Desk,full size,Furniture,2014/6/8,2014/6/23,Sold,1620,1470,43.342,-71.09
Huawei phone,best phone,Electronics,2015/9/22,2015/10/8,Sold,1409,1259,43.325,-71.06
Bicycle,really smooth ride experience,Traffic,2014/11/17,2014/12/1,Sold,1841,1691,43.329,-71.066
iphone,nice phone,Electronics,2015/8/4,2015/8/9,Sold,782,632,43.316,-71.088
Floor Lamp,good looking,Furniture,2014/11/16,2014/11/21,Sold,1930,1780,43.33,-71.061
Bed,full size,Furniture,2015/10/18,2015/10/26,Sold,1566,1416,43.311,-71.067
BMW vihicle,second hand,Traffic,2014/2/1,2014/3/1,Sold,1701,1551,43.332,-71.093
Bicycle,really smooth ride experience,Traffic,2015/11/19,2015/12/10,Sold,1523,1373,43.332,-71.093
Frozen Dumplings,home flavor,Food,2014/7/26,2014/8/13,Sold,722,572,43.327,-71.062
BMW vihicle,second hand,Traffic,2014/10/4,2014/10/21,Sold,1792,1642,43.343,-71.076
Floor Lamp,good looking,Furniture,2014/8/7,2014/8/26,Sold,1841,1691,43.348,-71.098
Coat,stylish coat from China,Clothing,2015/9/20,2015/10/4,Sold,788,638,43.331,-71.068
Organizer,organize your home,Furniture,2015/3/6,2015/3/12,Sold,547,397,43.342,-71.09
Bed,full size,Furniture,2014/4/13,2014/4/25,Sold,1027,877,43.311,-71.074
Coat,stylish coat from China,Clothing,2015/6/3,2015/6/25,Sold,2181,2031,43.312,-71.063
Coat,stylish coat from China,Clothing,2015/2/11,2015/2/19,Sold,570,420,43.33,-71.092
Bed,full size,Furniture,2015/6/27,2015/7/3,Sold,893,743,43.34,-71.066
Subway Card,semester card,Traffic,2015/4/1,2015/4/14,Sold,1537,1387,43.324,-71.084
BMW vihicle,second hand,Traffic,2014/9/29,2014/10/21,Sold,552,402,43.324,-71.09
Facial Lotion, moistrize your skin,DailyUse,2014/4/3,2014/4/29,Sold,1111,961,43.336,-71.065
Scarf,warm you in the cold night,Clothing,2014/9/29,2014/10/6,Sold,265,115,43.32,-71.077
Coat,stylish coat from China,Clothing,2014/9/12,2014/9/27,Sold,284,134,43.34,-71.081
Mattress,bouncy,Furniture,2014/3/29,2014/4/5,Sold,479,329,43.328,-71.06
Desk,full size,Furniture,2014/3/12,2014/3/20,Sold,649,499,43.325,-71.081
Scarf,warm you in the cold night,Clothing,2015/10/27,2015/11/4,Sold,2182,2032,43.324,-71.098
BMW vihicle,second hand,Traffic,2015/11/19,2015/12/13,Sold,973,823,43.346,-71.082
Coat,stylish coat from China,Clothing,2015/7/13,2015/7/29,Sold,530,380,43.322,-71.076
Floor Lamp,good looking,Furniture,2014/10/20,2014/11/19,Sold,337,187,43.336,-71.094
Coat,stylish coat from China,Clothing,2015/2/2,2015/2/27,Sold,949,799,43.324,-71.067
Coat,stylish coat from China,Clothing,2014/10/4,2014/11/1,Sold,335,185,43.34,-71.083
Floor Lamp,good looking,Furniture,2015/9/29,2015/10/15,Sold,1803,1653,43.321,-71.087
Subway Card,semester card,Traffic,2014/8/15,2014/8/25,Sold,1142,992,43.324,-71.099
Humidifier,work well,Electronics,2015/6/7,2015/6/15,Sold,1278,1128,43.346,-71.081
Desk,full size,Furniture,2014/5/19,2014/6/11,Sold,357,207,43.339,-71.071
Floor Lamp,good looking,Furniture,2014/10/13,2014/10/19,Sold,1170,1020,43.333,-71.097
Chair,comfortable,Furniture,2014/2/23,2014/3/14,Sold,1036,886,43.345,-71.083
Mattress,bouncy,Furniture,2014/6/17,2014/6/21,Sold,2131,1981,43.313,-71.099
Mattress,bouncy,Furniture,2014/8/29,2014/9/16,Sold,257,107,43.34,-71.096
Coat,stylish coat from China,Clothing,2015/11/20,2015/12/2,Sold,927,777,43.332,-71.062
Mattress,bouncy,Furniture,2014/10/22,2014/11/10,Sold,1608,1458,43.313,-71.066
Coat,stylish coat from China,Clothing,2015/8/23,2015/8/31,Sold,257,107,43.317,-71.078
Bed,full size,Furniture,2015/5/10,2015/6/6,Sold,1346,1196,43.343,-71.068
Desk,full size,Furniture,2014/11/26,2014/12/3,Sold,778,628,43.329,-71.075
Facial cleaser,give you nice touch skin,DailyUse,2015/11/17,2015/12/5,Sold,1879,1729,43.344,-71.084
Organizer,organize your home,Furniture,2015/7/4,2015/8/1,Sold,1714,1564,43.324,-71.096
Humidifier,work well,Electronics,2014/8/19,2014/9/14,Sold,410,260,43.34,-71.083
Bed,full size,Furniture,2014/11/22,2014/12/7,Sold,357,207,43.321,-71.063
Bed,full size,Furniture,2015/4/28,2015/5/19,Sold,286,136,43.319,-71.08
Organizer,organize your home,Furniture,2015/4/12,2015/5/3,Sold,1740,1590,43.321,-71.076
BMW vihicle,second hand,Traffic,2015/1/15,2015/1/20,Sold,2156,2006,43.323,-71.063
Earphone,good sound,Electronics,2014/7/4,2014/7/18,Sold,1745,1595,43.319,-71.072
Bicycle,really smooth ride experience,Traffic,2015/9/5,2015/10/4,Sold,437,287,43.339,-71.078
Coat,stylish coat from China,Clothing,2014/7/5,2014/7/6,Sold,426,276,43.348,-71.06
BMW vihicle,second hand,Traffic,2014/4/18,2014/5/12,Sold,1375,1225,43.314,-71.093
Desk,full size,Furniture,2014/9/14,2014/9/18,Sold,1285,1135,43.325,-71.073
Hair dryer,fast dry experience,Electronics,2015/1/5,2015/1/21,Sold,1660,1510,43.343,-71.072
Organizer,organize your home,Furniture,2014/11/26,2014/11/29,Sold,1391,1241,43.319,-71.07
Frozen Dumplings,home flavor,Food,2014/9/17,2014/10/16,Sold,327,177,43.331,-71.082
Bed,full size,Furniture,2014/7/13,2014/8/6,Sold,287,137,43.343,-71.08
iphone,nice phone,Electronics,2014/7/16,2014/8/8,Sold,479,329,43.341,-71.063
Earphone,good sound,Electronics,2015/8/3,2015/8/22,Sold,1568,1418,43.341,-71.09
Bed,full size,Furniture,2014/7/15,2014/8/3,Sold,827,677,43.321,-71.089
Desk,full size,Furniture,2015/8/18,2015/9/4,Sold,543,393,43.325,-71.067
Bed,full size,Furniture,2015/11/8,2015/12/1,Sold,1346,1196,43.337,-71.065
Organizer,organize your home,Furniture,2015/10/18,2015/11/3,Sold,2039,1889,43.336,-71.082
Scarf,warm you in the cold night,Clothing,2014/6/24,2014/7/9,Sold,1117,967,43.328,-71.064
Frozen Dumplings,home flavor,Food,2014/3/2,2014/3/14,Sold,690,540,43.324,-71.079
Humidifier,work well,Electronics,2014/8/26,2014/9/23,Sold,716,566,43.333,-71.069
Huawei phone,best phone,Electronics,2015/6/29,2015/7/29,Sold,794,644,43.321,-71.06
Facial Lotion, moistrize your skin,DailyUse,2015/2/12,2015/2/28,Sold,1064,914,43.33,-71.071
Floor Lamp,good looking,Furniture,2015/3/14,2015/4/3,Sold,927,777,43.321,-71.062
Organizer,organize your home,Furniture,2014/7/12,2014/7/20,Sold,2165,2015,43.336,-71.086
Bed,full size,Furniture,2014/1/27,2014/1/31,Sold,1847,1697,43.309,-71.072
Earphone,good sound,Electronics,2014/7/7,2014/7/25,Sold,1660,1510,43.319,-71.099
Chair,comfortable,Furniture,2014/8/27,2014/8/29,Sold,960,810,43.33,-71.078
Facial cleaser,give you nice touch skin,DailyUse,2014/11/20,2014/11/29,Sold,578,428,43.347,-71.073
Hair dryer,fast dry experience,Electronics,2014/10/7,2014/10/18,Sold,418,268,43.348,-71.065
Floor Lamp,good looking,Furniture,2015/5/14,2015/6/13,Sold,1283,1133,43.312,-71.07
Earphone,good sound,Electronics,2014/10/5,2014/10/23,Sold,2121,1971,43.329,-71.06
Coat,stylish coat from China,Clothing,2015/7/5,2015/7/14,Sold,439,289,43.31,-71.068
Coat,stylish coat from China,Clothing,2014/7/19,2014/8/7,Sold,1992,1842,43.329,-71.076
Coat,stylish coat from China,Clothing,2014/7/14,2014/8/1,Sold,1480,1330,43.319,-71.068
Floor Lamp,good looking,Furniture,2014/9/20,2014/9/25,Sold,1792,1642,43.311,-71.095
Huawei phone,best phone,Electronics,2014/7/10,2014/7/17,Sold,2130,1980,43.32,-71.068
Chair,comfortable,Furniture,2014/8/5,2014/8/14,Sold,1500,1350,43.342,-71.09
Desk,full size,Furniture,2014/7/28,2014/8/5,Sold,615,465,43.342,-71.085
Organizer,organize your home,Furniture,2014/7/26,2014/8/18,Sold,1492,1342,43.337,-71.091
Coat,stylish coat from China,Clothing,2015/1/6,2015/1/24,Sold,1535,1385,43.314,-71.059
iphone,nice phone,Electronics,2015/6/23,2015/6/24,Sold,325,175,43.34,-71.06
Coat,stylish coat from China,Clothing,2014/9/26,2014/10/8,Sold,786,636,43.347,-71.099
Coat,stylish coat from China,Clothing,2015/4/26,2015/5/9,Sold,393,243,43.345,-71.068
Bed,full size,Furniture,2014/11/10,2014/12/3,Sold,763,613,43.339,-71.097
Organizer,organize your home,Furniture,2014/8/11,2014/8/16,Sold,212,62,43.325,-71.082
Mattress,bouncy,Furniture,2015/8/28,2015/9/12,Sold,606,456,43.329,-71.075
Organizer,organize your home,Furniture,2014/7/28,2014/8/26,Sold,1308,1158,43.312,-71.075
Huawei phone,best phone,Electronics,2014/10/15,2014/11/2,Sold,243,93,43.315,-71.078
Huawei phone,best phone,Electronics,2015/7/24,2015/8/1,Sold,1336,1186,43.333,-71.084
Floor Lamp,good looking,Furniture,2015/8/5,2015/8/21,Sold,441,291,43.312,-71.088
Floor Lamp,good looking,Furniture,2015/1/9,2015/2/7,Sold,630,480,43.316,-71.089
Hair dryer,fast dry experience,Electronics,2014/8/3,2014/8/15,Sold,1391,1241,43.347,-71.081
Floor Lamp,good looking,Furniture,2015/10/7,2015/10/31,Sold,1953,1803,43.333,-71.074
Humidifier,work well,Electronics,2015/5/10,2015/5/12,Sold,1072,922,43.329,-71.09
Leggings,makes your leg looks ever slimmer,Clothing,2015/9/1,2015/9/9,Sold,2060,1910,43.344,-71.074
BMW vihicle,second hand,Traffic,2015/5/13,2015/6/5,Sold,636,486,43.322,-71.066
Mattress,bouncy,Furniture,2014/8/17,2014/8/29,Sold,1448,1298,43.31,-71.077
Leggings,makes your leg looks ever slimmer,Clothing,2015/8/23,2015/8/28,Sold,1188,1038,43.335,-71.082
Facial Lotion, moistrize your skin,DailyUse,2015/4/10,2015/4/29,Sold,1074,924,43.319,-71.094
Chair,comfortable,Furniture,2015/1/4,2015/1/10,Sold,1684,1534,43.323,-71.081
Coat,stylish coat from China,Clothing,2015/4/7,2015/5/1,Sold,918,768,43.348,-71.087
Bed,full size,Furniture,2014/6/22,2014/7/14,Sold,1704,1554,43.337,-71.069
Coat,stylish coat from China,Clothing,2014/9/23,2014/10/17,Sold,1180,1030,43.323,-71.081
Facial cleaser,give you nice touch skin,DailyUse,2015/7/14,2015/8/5,Sold,1580,1430,43.31,-71.061
Desk,full size,Furniture,2014/3/20,2014/4/17,Sold,1367,1217,43.34,-71.063
Coat,stylish coat from China,Clothing,2014/9/2,2014/9/8,Sold,1799,1649,43.349,-71.091
Mattress,bouncy,Furniture,2014/11/23,2014/12/20,Sold,1523,1373,43.31,-71.06
Scarf,warm you in the cold night,Clothing,2015/11/18,2015/11/25,Sold,847,697,43.347,-71.073
Organizer,organize your home,Furniture,2014/10/19,2014/11/8,Sold,1618,1468,43.326,-71.063
iphone,nice phone,Electronics,2015/10/1,2015/10/30,Sold,1691,1541,43.337,-71.095
Bed,full size,Furniture,2014/3/10,2014/3/14,Sold,1403,1253,43.312,-71.073
Coat,stylish coat from China,Clothing,2015/2/28,2015/3/13,Sold,1745,1595,43.34,-71.071
Organizer,organize your home,Furniture,2015/3/29,2015/4/14,Sold,1631,1481,43.345,-71.079
Organizer,organize your home,Furniture,2014/1/14,2014/1/27,Sold,1935,1785,43.336,-71.093
Mattress,bouncy,Furniture,2014/1/5,2014/1/21,Sold,540,390,43.338,-71.09
Chair,comfortable,Furniture,2015/9/15,2015/9/24,Sold,205,55,43.314,-71.091
Desk,full size,Furniture,2014/1/16,2014/1/23,Sold,1171,1021,43.332,-71.089
Leggings,makes your leg looks ever slimmer,Clothing,2015/1/13,2015/2/11,Sold,1932,1782,43.345,-71.059
Mattress,bouncy,Furniture,2014/4/18,2014/4/23,Sold,1239,1089,43.312,-71.074
Huawei phone,best phone,Electronics,2014/5/16,2014/6/5,Sold,1610,1460,43.334,-71.099
Facial cleaser,give you nice touch skin,DailyUse,2014/6/5,2014/6/7,Sold,762,612,43.341,-71.089
Chair,comfortable,Furniture,2014/11/18,2014/12/14,Sold,1996,1846,43.347,-71.081
Leggings,makes your leg looks ever slimmer,Clothing,2014/7/5,2014/7/10,Sold,1715,1565,43.341,-71.085
Frozen Dumplings,home flavor,Food,2015/8/4,2015/8/20,Sold,1791,1641,43.342,-71.07
iphone,nice phone,Electronics,2015/6/28,2015/7/24,Sold,1241,1091,43.343,-71.064
Huawei phone,best phone,Electronics,2014/11/7,2014/12/3,Sold,2011,1861,43.332,-71.077
Chair,comfortable,Furniture,2015/10/4,2015/10/9,Sold,1934,1784,43.318,-71.059
Mattress,bouncy,Furniture,2014/10/2,2014/10/8,Sold,210,60,43.312,-71.076
Mattress,bouncy,Furniture,2015/8/9,2015/8/10,Sold,330,180,43.34,-71.062
Frozen Dumplings,home flavor,Food,2015/8/29,2015/9/22,Sold,328,178,43.33,-71.079
BMW vihicle,second hand,Traffic,2015/9/8,2015/10/3,Sold,2116,1966,43.347,-71.069
Bicycle,really smooth ride experience,Traffic,2015/1/3,2015/1/9,Sold,412,262,43.311,-71.098
Floor Lamp,good looking,Furniture,2014/7/29,2014/8/20,Sold,2126,1976,43.341,-71.097
Bed,full size,Furniture,2015/4/6,2015/4/17,Sold,434,284,43.326,-71.096
Desk,full size,Furniture,2015/8/10,2015/8/31,Sold,467,317,43.313,-71.068
Huawei phone,best phone,Electronics,2015/11/1,2015/11/22,Sold,473,323,43.315,-71.07
Organizer,organize your home,Furniture,2014/7/10,2014/7/18,Sold,656,506,43.322,-71.084
Bed,full size,Furniture,2015/7/13,2015/7/18,Sold,1987,1837,43.34,-71.086
Bicycle,really smooth ride experience,Traffic,2015/4/9,2015/5/7,Sold,435,285,43.322,-71.074
Floor Lamp,good looking,Furniture,2014/11/22,2014/12/9,Sold,2099,1949,43.314,-71.094
iphone,nice phone,Electronics,2015/6/3,2015/6/22,Sold,380,230,43.311,-71.073
Bicycle,really smooth ride experience,Traffic,2015/11/13,2015/12/10,Sold,2028,1878,43.319,-71.075
Desk,full size,Furniture,2015/6/18,2015/7/5,Sold,360,210,43.315,-71.075
BMW vihicle,second hand,Traffic,2014/9/7,2014/9/26,Sold,1908,1758,43.337,-71.082
Humidifier,work well,Electronics,2015/8/28,2015/9/8,Sold,1778,1628,43.312,-71.083
Floor Lamp,good looking,Furniture,2014/5/25,2014/6/3,Sold,2127,1977,43.334,-71.071
Coat,stylish coat from China,Clothing,2015/3/15,2015/3/19,Sold,1200,1050,43.326,-71.068
Coat,stylish coat from China,Clothing,2015/6/2,2015/6/19,Sold,410,260,43.318,-71.061
Chair,comfortable,Furniture,2015/6/1,2015/6/3,Sold,2086,1936,43.336,-71.066
Floor Lamp,good looking,Furniture,2015/6/10,2015/6/22,Sold,542,392,43.329,-71.089
Organizer,organize your home,Furniture,2015/6/1,2015/6/28,Sold,1829,1679,43.323,-71.088
Facial Lotion, moistrize your skin,DailyUse,2014/1/16,2014/2/14,Sold,1199,1049,43.341,-71.093
Floor Lamp,good looking,Furniture,2014/10/15,2014/11/3,Sold,959,809,43.336,-71.099
Huawei phone,best phone,Electronics,2015/2/15,2015/2/27,Sold,227,77,43.333,-71.08
Floor Lamp,good looking,Furniture,2015/11/27,2015/12/15,Sold,771,621,43.339,-71.062
Chair,comfortable,Furniture,2015/2/15,2015/3/16,Sold,1831,1681,43.331,-71.073
Coat,stylish coat from China,Clothing,2014/8/1,2014/8/5,Sold,470,320,43.348,-71.06
Bed,full size,Furniture,2014/9/23,2014/10/21,Sold,667,517,43.347,-71.098
Hair dryer,fast dry experience,Electronics,2014/11/13,2014/11/28,Sold,552,402,43.335,-71.088
Desk,full size,Furniture,2014/10/20,2014/11/17,Sold,383,233,43.334,-71.073
BMW vihicle,second hand,Traffic,2015/6/7,2015/6/13,Sold,1864,1714,43.344,-71.067
Floor Lamp,good looking,Furniture,2015/8/1,2015/8/30,Sold,516,366,43.313,-71.085
Desk,full size,Furniture,2014/1/19,2014/2/17,Sold,2164,2014,43.332,-71.063
Frozen Dumplings,home flavor,Food,2015/6/26,2015/7/12,Sold,1282,1132,43.318,-71.072
Organizer,organize your home,Furniture,2015/6/29,2015/7/8,Sold,582,432,43.348,-71.063
Frozen Dumplings,home flavor,Food,2014/10/19,2014/10/29,Sold,923,773,43.345,-71.088
Frozen Dumplings,home flavor,Food,2014/3/15,2014/3/18,Sold,523,373,43.332,-71.059
Desk,full size,Furniture,2014/5/7,2014/5/31,Sold,961,811,43.314,-71.089
Bicycle,really smooth ride experience,Traffic,2015/9/22,2015/9/24,Sold,314,164,43.349,-71.07
Organizer,organize your home,Furniture,2015/3/9,2015/4/8,Sold,569,419,43.314,-71.092
Organizer,organize your home,Furniture,2014/10/16,2014/10/21,Sold,1836,1686,43.311,-71.069
Desk,full size,Furniture,2015/2/4,2015/2/12,Sold,2123,1973,43.335,-71.068
Huawei phone,best phone,Electronics,2015/8/26,2015/9/15,Sold,1334,1184,43.336,-71.064
iphone,nice phone,Electronics,2015/9/18,2015/9/22,Sold,397,247,43.316,-71.094
Frozen Dumplings,home flavor,Food,2015/10/3,2015/10/28,Sold,1139,989,43.348,-71.059
Coat,stylish coat from China,Clothing,2015/8/25,2015/9/16,Sold,632,482,43.338,-71.092
Humidifier,work well,Electronics,2014/6/19,2014/7/10,Sold,2168,2018,43.321,-71.068
Organizer,organize your home,Furniture,2014/4/19,2014/5/16,Sold,1198,1048,43.336,-71.082
Chair,comfortable,Furniture,2014/9/14,2014/10/7,Sold,250,100,43.314,-71.081
Earphone,good sound,Electronics,2014/9/26,2014/9/30,Sold,1737,1587,43.334,-71.071
Chair,comfortable,Furniture,2015/2/27,2015/3/6,Sold,1525,1375,43.349,-71.075
Mattress,bouncy,Furniture,2015/3/20,2015/4/7,Sold,1851,1701,43.327,-71.083
iphone,nice phone,Electronics,2014/1/24,2014/1/27,Sold,1465,1315,43.31,-71.059
Floor Lamp,good looking,Furniture,2015/8/29,2015/9/25,Sold,910,760,43.324,-71.094
Subway Card,semester card,Traffic,2015/1/19,2015/2/2,Sold,1689,1539,43.33,-71.091
Floor Lamp,good looking,Furniture,2014/8/27,2014/9/20,Sold,579,429,43.335,-71.096
Bicycle,really smooth ride experience,Traffic,2015/7/14,2015/7/28,Sold,1936,1786,43.321,-71.092
Coat,stylish coat from China,Clothing,2015/5/9,2015/5/23,Sold,1895,1745,43.342,-71.059
Humidifier,work well,Electronics,2015/6/13,2015/6/15,Sold,1142,992,43.315,-71.081
Organizer,organize your home,Furniture,2015/10/23,2015/10/30,Sold,966,816,43.316,-71.069
Bicycle,really smooth ride experience,Traffic,2015/4/29,2015/5/7,Sold,451,301,43.345,-71.068
Leggings,makes your leg looks ever slimmer,Clothing,2014/7/25,2014/8/1,Sold,1894,1744,43.339,-71.075
Humidifier,work well,Electronics,2015/1/16,2015/1/19,Sold,1518,1368,43.333,-71.094
Facial cleaser,give you nice touch skin,DailyUse,2015/1/11,2015/1/21,Sold,761,611,43.346,-71.075
Facial cleaser,give you nice touch skin,DailyUse,2014/2/3,2014/2/24,Sold,1132,982,43.322,-71.086
Coat,stylish coat from China,Clothing,2014/1/26,2014/2/1,Sold,888,738,43.326,-71.077
Humidifier,work well,Electronics,2015/9/2,2015/9/30,Sold,837,687,43.333,-71.071
Huawei phone,best phone,Electronics,2015/6/16,2015/7/1,Sold,1312,1162,43.343,-71.079
Bed,full size,Furniture,2015/6/18,2015/7/14,Sold,1767,1617,43.322,-71.075
Subway Card,semester card,Traffic,2014/6/20,2014/7/10,Sold,1035,885,43.324,-71.078
Mattress,bouncy,Furniture,2014/4/14,2014/4/25,Sold,310,160,43.31,-71.082
Floor Lamp,good looking,Furniture,2015/5/7,2015/5/29,Sold,1124,974,43.313,-71.097
Organizer,organize your home,Furniture,2014/10/10,2014/10/28,Sold,1526,1376,43.337,-71.081
Desk,full size,Furniture,2014/4/14,2014/4/26,Sold,1707,1557,43.338,-71.085
Coat,stylish coat from China,Clothing,2014/9/12,2014/10/10,Sold,2007,1857,43.327,-71.066
Facial Lotion, moistrize your skin,DailyUse,2014/1/9,2014/1/19,Sold,473,323,43.325,-71.059
Desk,full size,Furniture,2015/9/14,2015/9/24,Sold,1769,1619,43.326,-71.072
Leggings,makes your leg looks ever slimmer,Clothing,2014/1/23,2014/2/5,Sold,2016,1866,43.33,-71.066
Facial cleaser,give you nice touch skin,DailyUse,2015/4/3,2015/4/24,Sold,1059,909,43.314,-71.097
Coat,stylish coat from China,Clothing,2014/5/29,2014/6/17,Sold,385,235,43.33,-71.095
Floor Lamp,good looking,Furniture,2014/11/22,2014/11/27,Sold,642,492,43.348,-71.062
Bed,full size,Furniture,2014/11/2,2014/11/10,Sold,1115,965,43.323,-71.069
Floor Lamp,good looking,Furniture,2014/8/4,2014/8/8,Sold,1962,1812,43.346,-71.076
Scarf,warm you in the cold night,Clothing,2015/9/12,2015/9/24,Sold,988,838,43.314,-71.072
Coat,stylish coat from China,Clothing,2014/9/16,2014/10/11,Sold,1889,1739,43.316,-71.088
Bicycle,really smooth ride experience,Traffic,2015/3/23,2015/4/13,Sold,1957,1807,43.329,-71.093
Bicycle,really smooth ride experience,Traffic,2015/3/23,2015/4/13,Sold,1957,1807,,